:020000040000fa
:080000000001040000000000f3
:020000040000fa
:0400080046040000aa
:020000040000fa
:04000c008804000064
:020000040000fa
:04001000c804000020
:020000040000fa
:04001400660400007e
:020000040000fa
:04001800a804000038
:020000040000fa
:04001c0018050000c3
:020000040000fa
:0400200018050000bf
:020000040000fa
:0400240018050000bb
:020000040000fa
:0400280018050000b7
:020000040000fa
:04002c0018050000b3
:020000040000fa
:0400300018050000af
:020000040000fa
:04003400e8040000dc
:020000040000fa
:0400380018050000a7
:020000040000fa
:04003c0018050000a3
:020000040000fa
:04004000180500009f
:020000040000fa
:0400440000050000b3
:020000040000fa
:040048001805000097
:020000040000fa
:04004c001805000093
:020000040000fa
:04005000180500008f
:020000040000fa
:04005400180500008b
:020000040000fa
:040058001805000087
:020000040000fa
:04005c001805000083
:020000040000fa
:04006000180500007f
:020000040000fa
:04006400180500007b
:020000040000fa
:040068001805000077
:020000040000fa
:04006c006802000026
:020000040000fa
:04007000180500006f
:020000040000fa
:04007400180500006b
:020000040000fa
:040078001805000067
:020000040000fa
:04007c001805000063
:020000040000fa
:04008000180500005f
:020000040000fa
:04008400180500005b
:020000040000fa
:040088001805000057
:020000040000fa
:04008c001805000053
:020000040000fa
:04009000180500004f
:020000040000fa
:04009400180500004b
:020000040000fa
:040098001805000047
:020000040000fa
:04009c001805000043
:020000040000fa
:0400a000180500003f
:020000040000fa
:0400a400180500003b
:020000040000fa
:0400a8001805000037
:020000040000fa
:0400ac001805000033
:020000040000fa
:0400b000180500002f
:020000040000fa
:0400b400180500002b
:020000040000fa
:0400b8001805000027
:020000040000fa
:0400bc001805000023
:020000040000fa
:0400c000180500001f
:020000040000fa
:0400c400180500001b
:020000040000fa
:0400c8001805000017
:020000040000fa
:0400cc001805000013
:020000040000fa
:0400d000180500000f
:020000040000fa
:0400d400180500000b
:020000040000fa
:0400d8001805000007
:020000040000fa
:0400dc001805000003
:020000040000fa
:0400e00018050000ff
:020000040000fa
:0400e40018050000fb
:020000040000fa
:0400e80018050000f7
:020000040000fa
:0400ec0018050000f3
:020000040000fa
:0400f00018050000ef
:020000040000fa
:0400f40018050000eb
:020000040000fa
:0400f80018050000e7
:020000040000fa
:0400fc0018050000e3
:020000040000fa
:0401000018050000de
:020000040000fa
:0401040018050000da
:020000040000fa
:0401080018050000d6
:020000040000fa
:04010c0018050000d2
:020000040000fa
:0401100018050000ce
:020000040000fa
:0401140018050000ca
:020000040000fa
:0401180018050000c6
:020000040000fa
:04011c0018050000c2
:020000040000fa
:0401200018050000be
:020000040000fa
:0401240018050000ba
:020000040000fa
:0401280018050000b6
:020000040000fa
:04012c0018050000b2
:020000040000fa
:0401300018050000ae
:020000040000fa
:0401340018050000aa
:020000040000fa
:0401380018050000a6
:020000040000fa
:04013c0018050000a2
:020000040000fa
:04014000180500009e
:020000040000fa
:04014400180500009a
:020000040000fa
:040148001805000096
:020000040000fa
:04014c001805000092
:020000040000fa
:04015000180500008e
:020000040000fa
:04015400180500008a
:020000040000fa
:040158001805000086
:020000040000fa
:04015c001805000082
:020000040000fa
:04016000180500007e
:020000040000fa
:04016400180500007a
:020000040000fa
:040168001805000076
:020000040000fa
:04016c001805000072
:020000040000fa
:04017000180500006e
:020000040000fa
:04017400180500006a
:020000040000fa
:040178001805000066
:020000040000fa
:04017c001805000062
:020000040000fa
:04018000180500005e
:020000040000fa
:04018400180500005a
:020000040000fa
:040188001805000056
:020000040000fa
:04018c001805000052
:020000040000fa
:04019000180500004e
:020000040000fa
:04019400180500004a
:020000040000fa
:040198001805000046
:020000040000fa
:04019c001805000042
:020000040000fa
:0401a000180500003e
:020000040000fa
:0401a400180500003a
:020000040000fa
:0401a8001805000036
:020000040000fa
:0401ac001805000032
:020000040000fa
:0401b000180500002e
:020000040000fa
:0401b400180500002a
:020000040000fa
:0401b8001805000026
:020000040000fa
:0401bc001805000022
:020000040000fa
:0401c000180500001e
:020000040000fa
:0401c400180500001a
:020000040000fa
:0401c8001805000016
:020000040000fa
:0401cc001805000012
:020000040000fa
:0401d000180500000e
:020000040000fa
:0401d400180500000a
:020000040000fa
:0401d8001805000006
:020000040000fa
:0401dc001805000002
:020000040000fa
:0401e00018050000fe
:020000040000fa
:0401e40018050000fa
:020000040000fa
:0401e80018050000f6
:020000040000fa
:0401ec0018050000f2
:020000040000fa
:0401f00018050000ee
:020000040000fa
:0401f40018050000ea
:020000040000fa
:0401f80018050000e6
:020000040000fa
:0401fc0018050000e2
:020000040000fa
:100200000fbd20000e7f24000e01880000000000ba
:10021000000020000000e000020032000001200089
:100220002002880014000700030207000000e0001d
:1002300003003a00a016260001002000020037004b
:100240000000200001002000810f7000010032003a
:1002500014000700000020000000e000020032004f
:100260000000020000000000086d02000000000015
:100270000040da000000fe004440a900207b20007e
:100280000000e00003003200002020009001880000
:100290004440a800000006008a1f78008b1f7800e9
:1002a00000000600a1028800800478000000eb0036
:1002b0001f003700e284440054a0b4009905ba003e
:1002c000e284440054a0b4009906ba00e2844400d9
:1002d00054a0b4000006eb00476fde00fd07b2003b
:1002e000ae018800636ce10003003a00eaff0700fa
:1002f0000000eb000e003700606ce10008003a00df
:10030000004deb000a05e800020039003420ec0043
:100310000af0a0008b05e900f9ff3e000400370059
:100320006168e100010032000086eb000b0007006d
:1003300019c7ba001905ba000e04e00003003a001c
:100340000a00e000dbff3a0000000600fe07b200f2
:10035000ae0288008a047800f5ff37000cd0a300b5
:10036000e20f4d001c00390089027800354dba00bb
:100370000a05e800020039003420ec000af0a00071
:100380008b05e9000f003200254dba000a05e80090
:10039000020039003420ec000af0a0008b05e900cf
:1003a000080032000c00e0000600320015cdba0053
:1003b0000a05e800020039003420ec000af0a00031
:1003c0008b05e9008984e80054a0b4000b00e0002c
:1003d000e2ff3a00000006009902ba00055d7800cd
:1003e0008b05e900f7ff3200c82ade00055d7800c2
:1003f0008b05e900f3ff32000c00e000f1ff320052
:1004000019ddba00eeff3700365904000000000085
:1004100002360400000000001c360400000000004a
:100420003a360400000000005836040000000000c6
:100430007a360400000000009c3604000000000032
:10044000be36040000000000ec350400000000008f
:10045000c02104000000000036220400000000005b
:10046000aa21040000000000b221040000000000e6
:100470006422040000000000de22040000000000ee
:100480004a22040000000000562204000000000080
:100490000c2304000000000086230400000000007c
:1004a000f222040000000000fe2204000000000010
:1004b000b823040000000000322404000000000003
:1004c0009a23040000000000a423040000000000a0
:1004d0003600f800809fbe00829fbe00849fbe0051
:1004e000869fbe000000fa008a20a900f124800047
:1004f00000402000008060000000e0000f0032009b
:100500009f44a9002228ef00404180000000e00045
:100510000800320040418000200090000000e00010
:100520000400320040418000200090008000eb0079
:10053000010878002828ef00cd003700f124800062
:1005400000082000008060000000e0000f00320082
:100550009ee4a9002228ef00404180000000e00056
:100560000800320040418000200090000000e000c0
:100570000400320040418000200090008000eb0029
:10058000010878002828ef00b900370010418000ea
:10059000e40f5000a9003200e40f500009003e00b3
:1005a000e10f500033003200e10f50000e0039001f
:1005b000e20f500033003200e30f500047003200da
:1005c000a1003700e60f500084003200e60f500013
:1005d00070003900e70f500098003200e80f50001b
:1005e0008200320098003700d05c8000620060001a
:1005f0000000e0009d003a00c05c8000404188009f
:10060000c05c80001040780024e8b700c05c800027
:100610001000900030418800c05c800066004000ff
:10062000c05c8800c15c800060b92000808f5000f1
:1006300002003a0000b92000c05c8800d05c800055
:100640000000a100d05c8800c15c8000b05c80002c
:10065000808f500003003a00d05c80000010a000a2
:10066000d05c88009a04a800200020001041880077
:100670007f0037009a24a800200020001041880045
:100680007b00370030418000100078005041880026
:10069000304180002000900060418800304180009f
:1006a000204090002ee8b70050418000b024880020
:1006b0005041800061006000004078000004e000cc
:1006c000030032005000200010418800680037000d
:1006d000300020001041880065003700f1248000c0
:1006e00000002800008060000000e00009003200e7
:1006f000b0b92000104078008040e800b0b9200078
:10070000014878009fe4a900500020008c260700d3
:10071000570037002ec8bf008080fb008100e90031
:10072000cf08de00814078000040e9002ee8b700e5
:100730000104e000100032003041800066004000fb
:100740003041880024c8bf000040e90024e8b70019
:1007500024c8bf000004e00003003a00200020008d
:1007600077260700420037009a24a80020002000c6
:10077000104188003e0037006041800090407800c2
:100780008180fb00b12488000000e80060418800ff
:1007900037003700f124800000002800008060004e
:1007a0000000e00009003200b0b9200010407800dd
:1007b0008040e800b0b920000148780040002000e7
:1007c0005f2607009fe4a900290037009a64a8006b
:1007d00080002000104188002500370080002000a4
:1007e000104188009a64a800210037006041800011
:1007f000a124800081407800014878000000e800d2
:10080000604188002ec8bf000040e9002ee8b70014
:100810002ec8bf000004e000040032009aa4a90022
:100820006000200010418800020037009aa4a80050
:10083000322607009a84a8000d003700200020000f
:100840003f2607000a003700b0b9200010407800aa
:100850008040e800b0b92000014878006000200026
:1008600037260700000000000100370000000000ec
:100870000080fa004f03be004f02be004f01be00d1
:100880004f00be003600f900004006003600f800b8
:10089000809fbe00829fbe00849fbe00869fbe00d8
:1008a0000000fa008020a9000000eb002e340700b1
:1008b0000080fa004f03be004f02be004f01be0091
:1008c0004f00be003600f900004006003600f80078
:1008d000809fbe00829fbe00849fbe00869fbe0098
:1008e0000000fa00273407008040a9001000200013
:1008f0001d3407000080fa004f03be004f02be0007
:100900004f01be004f00be003600f9000040060057
:100910003600f800809fbe00829fbe00849fbe000c
:10092000869fbe000000fa008060a9002000200021
:100930000d3407000080fa004f03be004f02be00d6
:100940004f01be004f00be003600f9000040060017
:100950003600f800809fbe00829fbe00849fbe00cc
:10096000869fbe000000fa008080a90030002000b1
:10097000fd3307000080fa004f03be004f02be00a7
:100980004f01be004f00be003600f90000400600d7
:100990003600f800809fbe00829fbe00849fbe008c
:1009a000869fbe000000fa008600a90070002000ab
:1009b000ed3307000080fa004f03be004f02be0077
:1009c0004f01be004f00be003600f9000040060097
:1009d000809fbe000000fa00e0418000f1418000ed
:1009e00061004000e0804800e0418800f14188005b
:1009f0008860a9000080fa004f00be000040060099
:100a0000809fbe000000fa0000428000114280007a
:100a100061004000e08048000042880011428800e8
:100a200088e0a9000080fa004f00be0000400600e8
:100a30000040da000000fe00000005006011b80070
:100a4000920137006022b800060220000000d000aa
:100a50008180d2000482d2008582d2000000a000f2
:100a60000202520083825a00030031000202420057
:100a700083824a000000a1000603e900f3ff3a0068
:100a800000000600efff07000400be0000000600a3
:100a9000889fbe008a9fbe008c9fbe001b00200066
:100aa0000202be00058668000600280006066600f1
:100ab0004709de00f20fb200820032000243e80074
:100ac00080003200c729de00f30fb2007d00320043
:100ad0000343e8007b003200f107b2000170a00080
:100ae000f507b2000570a000c708dd004903de006d
:100af000868070004700dd00c72add004923de0044
:100b0000868272004722dd00030551000403500075
:100b100085835800030031000000400081804800b8
:100b20000a05e9008c1f78008a9fbe00040050006f
:100b3000858058000402420085824a00000040007f
:100b4000818048000005eb000004be006033b8005f
:100b50000406be000d48e1005600310011000900f6
:100b60004dccd8000c01b8000d02b80084814100c2
:100b700060824a008283530003045c0084845c002a
:100b800060055d000a00e00025003a00800578005d
:100b90000d40e1004900310088007800070078002e
:100ba000110009004d88d8000c01b8000d02b800f2
:100bb0008481410060824a006003110083835b00ee
:100bc00004045c00e0845c000900e00021003a00bd
:100bd0004f01be000300e0002b003200e301600083
:100be000070673008c817100010032006400700000
:100bf0004200de004e5edd000c007000c258de00d8
:100c000001e0a0009b000700cf0178008180710007
:100c10004f06be004f05be004f04be000000060098
:100c20008c8343000d044c00e0844c0060054d00b3
:100c30000000e9000a00e000d4ff32008c8343008a
:100c40000d044c00e0844c0060054d000000e900fc
:100c5000ceff37000c0343008d834b0060044c0033
:100c6000e0844c000000e9000900e000d8ff3200f9
:100c70000c0343008d834b0060044c00e0844c0067
:100c80000000e900d2ff37004200de004e5edd00ca
:100c90000c007000c258de0001e0a000cf01780017
:100ca0000300e000daff320060001000e08018006e
:100cb000d7ff3700f0ff2f00aaff3700f0ff2f000b
:100cc000b9ff37000404be00500007008706780013
:100cd0000004fd008104fd004c000700078366004e
:100ce0000678a300030032000960a7000800be00d8
:100cf0002c0037000d78a300020032000800be006f
:100d0000280037000778a30026003a0001f0a10070
:100d100009f0a1000668a30003003200f1ff2700dc
:100d2000f0ff2f00baff37000d68a3000300320068
:100d30000800be008c807000b5ff37000768a30074
:100d400007003a000648a30003003200f1ff270025
:100d5000f0ff2f00aeff37000d48a3000300320064
:100d60006000b8008c807000a9ff37000748a3001e
:100d70000400320001f82700000020008c80700081
:100d8000a3ff37008e0007000004fd008104fd0072
:100d9000020578008a0007000802be008a01780078
:100da00059ff37000160a00012022000f2438800c2
:100db00097ff37000100e000120032000500e0005c
:100dc00010003200889fbe008a9fbe008c9fbe002c
:100dd0000006eb0001f8a3000300320060001000e1
:100de000e08018000cf0a00005f8a300030032001a
:100df00060021200e0821a000cf0a2008005eb00f5
:100e000041ff37006000b800020005002700200005
:100e100001f0a70017002000470bde00f60fb2001c
:100e2000040032000643e8000a0032004702b30023
:100e30000000060001037800f607b2000603700008
:100e400002003a000703b300000006008702b30067
:100e50000000060001037800f607b20006037000e8
:100e6000020032000770a000000006000760a0002a
:100e70000000060081017000270032008002eb00b4
:100e800001f8a3000300320060001000e0801800a9
:100e900015002000f4072000020242002000340068
:100ea000f7032000870360000604200000036300ae
:100eb00002082000000161004700de00c909dd00d2
:100ec00000807100c708de000600e0000800320064
:100ed00087037100060032001000b0000180b000ee
:100ee0000188a30002003200c108de000402e8000d
:100ef000f107b200f30f20000320e10003003d00e2
:100f00004722dd00810072002900370001f8270028
:100f10000000eb00260037006000b800000006006b
:100f2000680212007f20e100020034006000b80077
:100f30001f0037006011b8007020e1000400350088
:100f400080017800010078008000eb007002520000
:100f50000400e00009003400f00312000719dd006e
:100f60008419de000703dd00868171000400de00c5
:100f7000070bdd00060070008408de00f7ff270085
:100f80008383630087037100060028000303630066
:100f9000070032000700e00003003a006101600032
:100fa00002817300020032001000b0000180b00026
:100fb0000500a6000000060001f0a00000000600e9
:100fc0004f0ade004709de00f107b200f20fb2005f
:100fd0000b003200f207b1000170a000c708dd006d
:100fe000c901de00838070004700dd000400a60018
:100ff0000000060060001000e080180000000600fd
:10100000810f700001003a00000006008182cf00cd
:101010000500e00010003e008082cf00ee8242001a
:101020007028e1000400390007003e0080007800cd
:101030000000eb000e003700708312008600de0017
:101040000500dd000a003700708352008600dd00d5
:101050000000eb0006003700e28252008508dd0048
:10106000708312000603de00868070000500dd003c
:101070007507b0000501ea000400a60000000600a4
:1010800060001000e080180000000600889fbe008d
:101090008a9fbe0000827000040271000482710009
:1010a000260032000004be000200be006011b8003d
:1010b0006b092000950220000182cf000a00390050
:1010c0000541b1000082cf00070039000541b100a1
:1010d0000982cf00040039000541b1000882cf0029
:1010e000010039000541b1000542520012003200f2
:1010f0000a003b0082817100610164008100d1001f
:101100000080d3008984d3000884d3008b05e800d5
:101110000442e800f7ff3a000700370008044400e3
:1011200089844c0000004800818048008b05e9005c
:101130000442e900f9ff3a00030007004f05be0032
:101140004f04be00000006008100200061805500b1
:101150000b003d000b00200061fe2f000100e100ac
:101160001d00340082817100610164008904d10096
:101170000884d3000000e800faff3a007100200064
:10118000610064000300700002006000090032008a
:1011900061044400e0844c000988a5000500320089
:1011a0008b05e8006808e10002003a008904d100dc
:1011b0000884d300f20f20000258e10005003d0032
:1011c000c75ddd00f907b20089807500080078006e
:1011d000000006000bf827008b00780000000500d7
:1011e0000000fa0068815700cfb897006502070039
:1011f0000080fa000000060089000700e1000700f7
:1012000092010700ba01070013010700b5020700a9
:1012100060023700889fbe008a9fbe00800478006d
:101220000200e0005b00320001407800814c780051
:1012300082814400f1f99f00e20f51005500360011
:1012400091449800a1449800e1f99f00d1f99f00d2
:10125000e60f51004f003600b1449800c1f99f00dd
:10126000e80f51004b0036000905ea0063056500f0
:101270000a8444000a055100c1ff2f0001056500e2
:101280000080fb008000eb001210200013102000f3
:10129000be050700008cbe000a01440060b99f0033
:1012a00071b99f00e80f55003a00360020049800fd
:1012b00031049800400498005104980020b99f0020
:1012c00031b99f0040b99f0051b99f00f80f5500f8
:1012d000300036006004980071049800000c9800fb
:1012e000110c9800200c9800310c9800400c9800cc
:1012f000510c980020b19f0031b19f0040b19f0078
:1013000051b19f0060b19f0071b19f0000b99f0073
:1013100011b99f0064016400780141000204440097
:10132000020555006011b8000203be000002be00b5
:101330000403be006022b8000000720081807200c9
:10134000020173008381730010003700009cbe000f
:101350000294be0040049800510498006204980072
:1013600073049800000c9800110c9800220c98004f
:10137000330c9800400c9800510c9800620c9800b7
:10138000730c98000a02b1000802b000ff0f55006c
:10139000eeff3e00090078004f05be004f04be007e
:1013a0000000060080007800040037003104e000ef
:1013b00002003a0000005100000006000101780020
:1013c0000108a300f9ff3a0081017800310178009b
:1013d000f4ef2f00020242000281ea0002016200e3
:1013e0000408280004016100f7ff32008300780040
:1013f000010178003104e000fdff3a0000005100d7
:1014000000000600881f78000004780008007800bb
:1014100095040700080078004f04780000000600db
:10142000ec874700889fbe008a9fbe008c9fbe004d
:101430008e1f7800000678000104780018079000dd
:101440002805900098067800cdb79f00b805900059
:101450003202be002203be000400be000601be0030
:101460004f18de006011b8008000eb00d0b79f007d
:10147000e1b79f00f2b79f0083bf9f008004780010
:101480000900e000060032006000b8006011b800fa
:1014900004025000858258000603590087835900d2
:1014a0000e00e000020035000d10a100cdb79f0036
:1014b0000900e00005003a004fb097000028a300a3
:1014c00002003a000038a300020032008a00e9005e
:1014d000010037008a007800f8815700a200200040
:1014e00008007800860007000900e00003003a00c9
:1014f000cfb097000128a300080032000000e900e7
:1015000000814500b1c2b3000900e00001003200d3
:10151000d1c2b30001497800050037000138a300ab
:10152000030032000000e90001c2b30081757800b9
:10153000480190000201e90000015100808045004f
:101540004fb297008a0178000c0078003002070043
:101550009c0090000188a3000400320098009000d5
:10156000810f500001003d00010078004f07780016
:101570004f06be004f05be004f04be00cf00b100b5
:10158000000006000200fa00889fbe008a9fbe008d
:1015900080057800010478000200780018019000ae
:1015a0002805900098007800b1bf9f00b804900013
:1015b0000200e000020035000110a100b1bf9f0051
:1015c000ea815700820020008a0078003002be00c5
:1015d0002003be0008007800490007003fb99700cb
:1015e000f0006100030032000000e90001c3b30015
:1015f000817478003fb99700e80061000300320071
:101600000000e90001c2b300817478004801900035
:101610000201e90000015100808044003fba9700b8
:101620008a0178000b007800f90107009b00900008
:101630000188a3000400320098009000810f500040
:1016400001003d00010078004f05be004f04be00c0
:101650000080fa0000000600ea874700889fbe006d
:101660008a9fbe008e1f7800000478000300780077
:101670007287570084e2260055c72600049fbe00eb
:10168000c3962200030f78006c875700004feb00d1
:1016900011059000a1049000910578000200e0007f
:1016a00002003200020778000100370072875700fd
:1016b0000000e00002003a000e00780039ff070049
:1016c0000a00e000030035008a0f500001003600d8
:1016d0000a0078000b027800890178000001780088
:1016e0008e00780008007800c90107004f077800d5
:1016f0004f05be004f04be00af00b1000000060061
:10170000f4874700889fbe008a9fbe008c9fbe0062
:101710008e1f78000605be000404be0081bf9f0036
:1017200082b79f00f3b79f00b0009000e1b79f0021
:101730001301780092b79f0090069000400090003f
:101740000000e900000678000d00e00001003d0007
:101750001d0020008040eb00efb197008171780000
:101760001e0020001f0037000c06e9000fb0970094
:10177000cf80de006109b900a0b79f00b1b79f001c
:10178000c2b79f00d3b79f000203be000002be0095
:101790000800be000a01be0022050700000778000d
:1017a0000e4078000043b000efb0970080707e00dc
:1017b0008d06e9000fb997000201e90082bf9f0082
:1017c0002fb29700bfb297004fb39700dfb39700d7
:1017d0000800be000a01be000b0507000205be009e
:1017e0000004be000c00e0000d003400e00f5400c7
:1017f000e08f5c00e00f5d00e08f5d00daff3a00f3
:101800000d00e000d8ff3c008fb997000300e00016
:10181000030034001fb097000018a300d2ff3a0065
:101820000e00e00002003a00ffb097001140a10056
:101830000c0078004f0778004f06be004f05be0031
:101840004f04be004f01b100000006000200fa0084
:10185000889fbe008a9fbe000005780001047800c2
:101860000200780018019000a80490009800780009
:10187000b1bf9f00b80590000200e00002003500f3
:101880000110a100b1bf9f00ea815700a200200013
:10189000890078003002be002003be0008007800f6
:1018a00097ff0700480190000201e9000001510084
:1018b000808045003fba9700890178000a007800cf
:1018c000530107009a0090000188a3000400320031
:1018d00098009000810f500001003d000100780049
:1018e0004f05be004f04be000080fa000000060055
:1018f000fa874700889fbe008a9fbe008c9fbe006b
:101900008e1f78008004780001047800820578003a
:10191000180190002805900018077800b800900082
:101920000200e000020035000e10a10001003700a7
:101930001200200070006700e0b79f00090032002d
:101940003b02be002b03be00e00f5200e08f5a00a6
:10195000e00f5b00e08f5b00020032008a86e90046
:10196000010037008a067800e8026700f5b79f009b
:10197000010032008d06e9003b02be002b03be00d1
:10198000e4af9f00f5af9f0086b79f0097b79f0019
:10199000480690000c06e9000040eb0080707e00d5
:1019a000efb297007fb29700890378008104780036
:1019b000d8af9f00020478008bbf9f008a05780093
:1019c000034578002a0037000c06e9006fab97004a
:1019d0006f006300e90f500002003c000003b000fc
:1019e000010037007005b0000a03fb001604b100c7
:1019f000f90f53000c003e00000378000650a000d1
:101a00001606b100f90f530007003e00b4b79f005f
:101a1000a5b79f00c7b79f004f030700cfb397003c
:101a2000afb297003fb2970080747e000804e900cf
:101a30008d06e9006fa89700ffa897000fb19700e7
:101a40009fb19700460020008301d1000281d3009e
:101a50008180d3000080d3000603e900faff3a003a
:101a6000e0af9f00f1af9f0082b79f0093b79f0048
:101a7000e10f56000f0034006fa89700ffa89700f1
:101a80000fb197009fb19700e00f5000e08f580012
:101a9000e00f5900e08f5900cbff3a000800e0004a
:101aa000c9ff3c000d00e000020034000e18a30046
:101ab000c5ff3a0089007800f4b79f0087047800da
:101ac0005fac97008a4178000b0578008fbd9700c6
:101ad0000500e000100032003b02be002b03be00f8
:101ae000e4af9f00f5af9f0086b79f0097b79f00b8
:101af000e00f5200e08f5a00e00f5b00e08f5b00c8
:101b0000050032000c06e90083707e000c06e90037
:101b100000c3b30080707e00ffb297000500e000b4
:101b2000030032000c06e90000c2b30080707e00a2
:101b3000480190000201e9000c0151008c80400036
:101b40000e0278008a01780009007800b0000700d2
:101b5000990090000188a3000400320098009000d2
:101b6000810f500001003d00010078004f07780010
:101b70004f06be004f05be004f04be00af01b100ce
:101b8000000006008201780001017800f1ff2700c3
:101b9000f802370084082000848f50001d003200b6
:101ba0000d003c0014082000848f500027003200f4
:101bb00002003c0004082000040037002408200034
:101bc000848f50003400320044082000848f50007d
:101bd00043003a0036003700040a2000848f50008a
:101be0002700320004003c0004092000848f5000cc
:101bf0003b003a0028003700020c2000828f500082
:101c00002f003200020f2000828f500034003a0073
:101c10002b0037009380e9000200e000050032004d
:101c2000810978001102fb00cfa2de00612bb90010
:101c30002800370081097800114278000482fb00f7
:101c40008002eb006033b8002200370013027800f6
:101c5000e40052000200e000050032008109780033
:101c60001102be004fabde0086037800190037007a
:101c7000810978001102be006033b80015003700fa
:101c80009380e9008109780011027800cfa2de007c
:101c9000612bb9000f00370093027800e8805200f2
:101ca000810978003102be002103be00090037001f
:101cb0009380e9000200e00002003200f1ff3700eb
:101cc0009380e90081097800110278008002eb001e
:101cd0006033b8000498be000690be0010000500f6
:101ce0000000050044082000848f500025003200c9
:101cf00008003c0014082000848f500014003200bb
:101d000024082000848f50002400320004082000a2
:101d10000c00370004092000848f50001f0032009f
:101d200004003c0084082000848f500024003a0006
:101d30000e003700040a2000848f5000110032008a
:101d4000040c2000848f50001d003a000d00370065
:101d50009380e900810978009100780001087800fb
:101d6000cf91de008288be00140037009380e90026
:101d70008109780091007800010878008248780095
:101d80000e0037009380e900810978009100780007
:101d90000108780082087800080037009380e90085
:101da0008109780091007800010878006112b9007b
:101db000612bb9008498be008690be00100005001b
:101dc00000000500889fbe000004780048009000d5
:101dd00082047800808f540001003600800478006f
:101de0000901780058009000180207005800900080
:101df0000900400050049800c800900089845000f9
:101e0000490498000048eb004f04be0000000600a3
:101e1000f2874700889fbe008a9fbe008c9fbe004d
:101e20008e1f780080047800010578000204780095
:101e3000830578006107620002003a008b0f5400ae
:101e400008003900080178008a007800090078004d
:101e5000dcff07008b0f5400020039008805780072
:101e60001e003700088655000c017800f00f560060
:101e70000100360002012000010220007e80570090
:101e8000e4fc07008c067800050037000201200002
:101e9000fe80570009007800caff0700f086560050
:101ea000ef8f5600f9ff3e004461de0000ff2f0077
:101eb0000091b90002014600fe8057000900780039
:101ec000c0ff07000e00e00004003a00080178009f
:101ed0008a00780009007800baff07000b0078003c
:101ee0004f0778004f06be004f05be004f04be00ee
:101ef0002f01b100000006000000050000000500f1
:101f000000000500000178000040eb008080fb002d
:101f10008180400043b7200063c278000404e000e1
:101f200003003a0050b7200060c0780000000600af
:101f300092017800934f520004003a0050b72000fd
:101f400060c078000309e800010037000040e800a5
:101f5000ea4f5000edff360000000600f68747000c
:101f6000889fbe008a9fbe008c9fbe008e1f780097
:101f700000057800010478008305780004067800e5
:101f80000000eb00c0b79f008080eb00d1b79f003e
:101f9000e0b79f00f2b79f000008200080bf9f00bd
:101fa00098007800010078008004eb000100370001
:101fb0008904e800304178000204e00003003200a8
:101fc00053c2b300834f5100f9ff3a000900e0000b
:101fd00004003200090178000a00780079ff070048
:101fe000188c44001807780050c2b3009e4f1000b0
:101ff0003f013a000e07e8000e0c78001000370091
:10200000cfb097000100a0000b003700cfb09700c1
:102010000110a00008003700cfb097000120a000f9
:1020200005003700cfb097000130a0000200370054
:10203000cfb097000140a000c1b79f00000ce8009e
:102040001800780090407800b2c2b30082cf5000f0
:10205000f1ff320007003c0002c2b30082cf500003
:10206000f0ff320032c2b30082cf500007003a00c6
:10207000efff3700d2c2b30082cf5000e0ff320042
:1020800002c3b30082cf5000e0ff3200a2c2b3000f
:1020900082cf50000d003a00000ce8001c80e900df
:1020a000000e780010007800e0b79f000000e0000c
:1020b0000f003d00cfb097000100a200c1b79f0004
:1020c0000000ea00e0b79f0009003700390107006f
:1020d000e0b79f0001003700000ce800180078000e
:1020e0009000fb000103b100e98f5000faff3600b9
:1020f0004fb097000008a300020032000010a100ba
:10210000c0b79f0018007800e1c2b30090cf100064
:1021100016003a008000eb00d1b79f000000e800f5
:10212000000c7800a1c2b30090cf100006003a0066
:10213000000ce8001c80e900000e78001000780018
:10214000d0b79f00090037001a010700d0b79f00e1
:1021500001003700000ce800180078009000fb0038
:102160000103b100e98f5000faff36000800780043
:1021700064ff070080467800180078001000fb001c
:102180006e01070091062000810f500038003200d8
:1021900012003c0041062000810f50003400320044
:1021a0000a003c0011062000810f50002000320080
:1021b00031062000810f5000a000320051022000a3
:1021c000810f5000bc003a00b400370071062000b7
:1021d000810f5000b8003c00880037000107200044
:1021e000810f50005c00320007003c00e106200037
:1021f000810f50007a003200f1062000810f50005c
:10220000ad003a003900370051072000810f50001f
:102210002700320081072000810f50004200320069
:1022200031072000810f5000a3003a008f003700d3
:102230008d80fb000c01780000fe2f000f00400095
:10224000710107000000e000a800320018007800cb
:10225000000ce8009041780002fe2f000f014100c1
:10226000f88057000a00780024ff07000e003700ae
:102270008d80fb008c0178001200200000fe2f00f2
:102280000f00400043fe07000000e000970032000e
:10229000180ce80002fe2f000f014100f8805700e3
:1022a0000a0078005efc070080844400900037003c
:1022b0008d80fb008c0178000001eb0000fe2f00f8
:1022c0000f00400033fe07000000e00087003200ee
:1022d000180ce80002fe2f000f014100f8805700a3
:1022e0000a00780059fd0700efff37008d80fb00e2
:1022f0008c0178000001eb0000fe2f000f00400071
:1023000024fe07000000e00078003200180ce8000e
:1023100002fe2f000f014100f88057000a007800ec
:1023200098fc0700e0ff37008d80fb008c017800ef
:102330000001eb0000fe2f000f00400015fe07001b
:102340000000e0006900320018007800000ce8008e
:10235000904178001c0037008c0178000001eb00f0
:10236000010f200000fe2f000f00400009fe0700b3
:102370000000e0005d003200180ce8000fb097008c
:102380009fb097002fb19700bfb19700e00f5000aa
:10239000e08f5800e00f5900e08f590009003a0023
:1023a000cfb597006fb49700c0b62000fdfb0700c3
:1023b0000b0278008801780000017800c1b6200087
:1023c0004700370083c7b30002fe2f000f01410012
:1023d000f88057000a00780045fd0700b2ff37007b
:1023e0000b8144008d80fb008c01780000fe2f00e3
:1023f0000f0040003bfe07003c0037008d80fb00d3
:102400000c01780000fe2f000f004000fe000700c6
:102410000000e0003500320018007800000ce800f1
:102420009041780002fe2f000f014100f880570014
:102430000a007800b1fe07009bff370000c8b30018
:1024400080cf560029003a00180ce8001c80e900f3
:10245000000e780010407800e0df9f00130020009d
:10246000e2fd2f000f0141000800370000c8b30053
:1024700080cf56001d003a00180ce8001c80e900cf
:10248000000e78008001eb0010017800f880570002
:102490000a00780070fc070083ff370000c8b30013
:1024a00080cf560011003a00180ce8004fb2970098
:1024b000efb19700080037000e0c78000000eb0029
:1024c000c0b79f00e0b79f000080eb00d0b79f002f
:1024d0000002eb00840178001200200021b72000e8
:1024e0000a0078004afe07006fff3700180ce8006a
:1024f000090078004f0778004f06be004f05be0068
:102500004f04be006f01b100000006008200fa0017
:10251000889fbe008a1f780000057800820478003a
:10252000c13f9f000004eb00100037000902780053
:1025300088017800a2f72f000f01410081f72f00da
:102540008f8040000a00780084fe070008004000e9
:10255000880f500004003d00b0042000705e880029
:102560000084eb0004003700000478004f38970027
:102570001004e000edff3a00080078004f057800f5
:102580004f04be000080fa000000060080007800c2
:102590001000200002022000828f50000400320050
:1025a000e9805000e48f5000010036000000eb008d
:1025b00000000600889fbe008a1f78000005780092
:1025c0000a047800984478000805e8000900fb0038
:1025d000eeff07000000e000f9ff3a00b0c2b300d0
:1025e00080cf540005003200d0c2b3008000eb0061
:1025f00080cf540005003a00020037008000eb0055
:1026000001003700110020000804e8000000eb0082
:10261000030037006a02b900020052000003b00054
:102620003801fb0003fd2f0082814100e98f51003a
:10263000f8ff36000100e00001003a000000ea0067
:102640004f0578004f04be000000060080017800ae
:1026500002003700b15978000201e9000200e000f1
:10266000fcff3a0000000600881f78008101780016
:1026700000027800808268000508a3000200320092
:10268000210037000201e90003007800040478000b
:102690000308a300070032000200e000210032001e
:1026a000b3407800015a78000104e000f5ff3a00d9
:1026b000020037000200e0001a0032001004e000bf
:1026c00003003a0017003700031c78000281e9007c
:1026d00080007800e10f510008003600b00178005a
:1026e000f5ef2f00838242000382ea000482620039
:1026f0000508280005026200f3ff32000800780098
:10270000010037000201e900000478000200e00047
:1027100004003200b1417800035878000304e0005f
:10272000f8ff3a008000eb0008007800b9fa0700d3
:10273000080078004f04780000000600f1fb2f002d
:1027400080804000f98f500001003e000050a00042
:1027500000000600f9ff3700f1f92f0080804000eb
:10276000f98f500001003e00f005b20000000600a5
:10277000f9ff3700f28747008e1f780002027800c9
:10278000030178000000e00002003200000778003a
:1027900001003700728757008002eb000100e00063
:1027a000010032008102e900708057000600090034
:1027b0000018eb000080eb0080bf9f00231020007a
:1027c00093bf9f00aebf9f00b1bf9f00c5bf9f00da
:1027d0000100e00003003d00b1042000715e8800ac
:1027e00006003700004feb00eebf9f00debf9f00ea
:1027f0008400780070805700220007004f0778009f
:102800002f01b10000000600881f78000004780046
:1028100000082000808f50001700350010082000ad
:10282000808f50000b00340030082000808f500053
:1028300011003a009200780068805000000978008a
:102840003002be002003be00049cbe000694be0001
:102850000700370092027800648052000009780077
:102860001000be0015000700009cbe000294be00d0
:1028700010002000010037000000eb004f0478003a
:10288000000006000200fa00881f780000047800ab
:10289000e2bf9f0064815700080078001bff07001b
:1028a000980090000148a300010032000080eb0076
:1028b0004f0478000080fa000000060081037800d1
:1028c0001d0007000001be006000b8000478a300ee
:1028d00013003a006220e10015003e000d003900af
:1028e0008301d1000281d3008180d3008301d10014
:1028f0000281d3008180d3008301d1000281d30003
:102900008180d3000538b000c42add00f300b20096
:102910008381720007f0a70003f0a000000006000a
:1029200083ff2700020020006110b900f9ff370083
:1029300003ff2700f7ff3700c70ade00f107b200e8
:10294000f50fb20008003200e1cf42000200320071
:102950000170a00024000500810f7000010032000a
:102960000408050044000500810f700002003a00d1
:10297000140005008502e9000000400081c0480005
:10298000fcff3b000170a00024000500020ab90012
:10299000001bb9000200b800810042008100430022
:1029a00000000600889fbe008a9fbe0030044200df
:1029b000b0844a0030054b0090854b006000b100a8
:1029c0000898be000a90be000440e10005c8e1007e
:1029d00006d0e10007d8e1000200310068004000a5
:1029e0001008e8004f05be004f04be0000000600be
:1029f000889fbe008a9fbe003004be002005be0036
:102a00000418540005985c0006185d0007985d00e6
:102a1000110020000440e10005c8e10006d0e100fb
:102a200007d8e100010039008000eb001088100099
:102a30004f05be004f04be00000006001200fa0061
:102a4000889fbe008a9fbe008c9fbe00e0b79f009b
:102a5000f1b79f0082bf9f0093bf9f000605be0095
:102a60000404be000000eb00d0b79f00c0b79f0079
:102a7000b0b79f00a0b79f0090b79f0000067800f6
:102a80005fb19700cfb09700820141003fb097003f
:102a90000200e00004003d00370007007e80570080
:102aa000c0ff070003003700330007007e80570097
:102ab000cfff0700dfb697000d00e0000c003500e7
:102ac0006fb29700ffb297000fbb97009fbb9700b4
:102ad00010002000010020006011b8000002720008
:102ae0008182720002037300838373001b0007005e
:102af0000c06e80001042000810f5600e0ff3a00b8
:102b00000d00e00004003d000802be000a03be0004
:102b10007e805700a3ff07005fa897000000e00039
:102b200005003a001fb29700afb297003fb397007d
:102b3000cfb39700090007006fb09700ffb0970070
:102b40000fb997009fb997004f06be004f05be0012
:102b50004f04be000080fa000000060001000700dc
:102b600000000600a4b79f00b5b79f00c6b79f003e
:102b7000d7b79f00000006004f09de008281710078
:102b8000b3b79f004f01de0081804000828070005b
:102b9000a1b79f008fb097004f09de0000004000f2
:102ba0000200700090b79f007fa897004f01de00e1
:102bb000818040008280700081b79f000d00070077
:102bc0004f3ade000000400004007000f0af9f00ac
:102bd000080007000402420085824a0006034b00f9
:102be00087834b00dfff07000802be000a03be0018
:102bf000000006002fb29700bfb297004fb39700b6
:102c0000dfb3970000000600881f7800180020003e
:102c1000881f780089ff07008f87e9004f0478003c
:102c200000000600801feb0084ff07008f87e9008b
:102c300000000600889fbe008a9fbe00e00f500083
:102c4000e08f5800e00f5900e08f59000c003d0064
:102c50006044b8006055b8000000540081805c00fa
:102c600002015d0083815d0018002000150007004f
:102c700008003d00180007000004eb0005003700c5
:102c80000004eb000f00070002003d0012000700e7
:102c900018002000dcff07000800e00006003200fa
:102ca0006022b8006033b8000000520081805a00f2
:102cb00002015b0083815b004f05be004f04be0034
:102cc00000000600e00f5200e08f5a00e00f5b00aa
:102cd000e08f5b00000006006044b8006055b8005b
:102ce0000402540085825c0006035d0087835d005a
:102cf00000000600889fbe008a9fbe008c1f7800df
:102d0000e00f5000e08f5800e00f5900e08f5900ad
:102d10000d003d006044b8006055b800000054004c
:102d200081805c0002015d0083815d001c00200049
:102d30000820e10009a8e1000ab0e1000bb8e100b9
:102d40000d003d00080037000006eb00e00f5200c8
:102d5000e08f5a00e00f5b00e08f5b0006003d0053
:102d60006044b8006055b8000402540085825c00dd
:102d700006035d0087835d00aaff07000c00e000ea
:102d8000060032006022b8006033b8000000520034
:102d900081805a0002015b0083815b004f0678004e
:0c2da0004f05be004f04be0000000600fe
:020000040000fa
:102dac00ffff0000ffff0000ffff0000ffff00001f
:102dbc00ff030000c0ff0000fffb0000dfff00006e
:102dcc00ff1b0000d8ff0000ffdb0000dbff000052
:102ddc00ff1b0000d8ff0000fffb0000dfff00001e
:102dec00ff030000c0ff0000ff3f0000fcff0000dd
:102dfc00ff3f0000fcff0000ff0f0000f0ff000091
:102e0c00ffff0000ffff0000ffff0000ffff0000be
:102e1c00ffff0000ffff0000ffff0000ffff0000ae
:102e2c00ffff0000ffff0000ff1f0000f8ff000085
:102e3c00ffef0000f7ff0000ff370000ecff000081
:102e4c00ffdb0000dbff0000ffdb0000dbff00000e
:102e5c00ffdb0000dbff0000ffdb0000dbff0000fe
:102e6c00ff5b0000dbff0000ff370000ecff000001
:102e7c00ffef0000f7ff0000ff1f0000f8ff00004d
:102e8c00ffff0000ffff0000ffff0000ffff00003e
:102e9c00ffff0000ffff0000ffff0000ffff00002e
:102eac00ffff0000ffff0000ff030000c0ff000059
:102ebc00ff9b0000d9ff0000fffb0000dfff0000bc
:102ecc00ff030000c0ff0000ff9b0000d9ff0000c3
:102edc00ff9b0000d9ff0000fffb0000dfff00009c
:102eec00ff9b0000d9ff0000ff9b0000d9ff0000f2
:102efc00fffb0000dfff0000ff030000c0ff00002d
:102f0c00ffff0000ffff0000ffff0000ffff0000bd
:102f1c00ffff0000ffff0000ffff0000ffff0000ad
:102f2c00ffff0000ffff0000ffe70000e7ff0000cd
:102f3c00ffc30000c3ff0000ffdb0000dbff00004d
:102f4c00fff70000efff0000ff1b0000d8ff0000a0
:102f5c00ffdb0000dbff0000ffdb0000dbff0000fd
:102f6c00ff1b0000d8ff0000fff70000efff000080
:102f7c00ffcf0000f3ff0000ff1f0000f8ff000070
:102f8c00ffbf0000fdff0000ffdf0000fbff0000a3
:102f9c00ffff0000ffff0000ffff0000ffff00002d
:102fac00fffd0000ffff0000ffe50000e7ff000051
:102fbc00ffc30000c3ff0000ffdb0000dbff0000cd
:102fcc00fff70000efff0000ff1b0000d8ff000020
:102fdc00ffdb0000dbff0000ffdb0000dbff00007d
:102fec00ff1b0000d8ff0000fff70000efff000000
:102ffc00ffcf0000f3ff0000ff1f0000f8ff0000f0
:10300c00ffbf0000fdff0000ffdf0000fbff000022
:10301c00ffef0000f7ff0000ffff0000ffff0000c4
:10302c00ffff0000ffff0000ff7f0000feff00001d
:10303c00ff3f0000fcff0000ff1f0000f8ff000036
:10304c00ff070000e0ff0000ff030000c0ff0000ce
:10305c00ff030000c0ff0000ff030000c0ff0000e2
:10306c00ff030000c0ff0000ff030000c0ff0000d2
:10307c00ff070000e0ff0000ff0f0000f0ff000062
:10308c00ff3f0000fcff0000ffff0000ffff0000ff
:10309c00ffff0000ffff0000ffff0000ffff00002c
:1030ac00ffff0000ffff0000ffc30000c3ff000094
:1030bc00ffdb0000dbff0000ffdb0000dbff00009c
:1030cc00ffc30000c3ff0000ffdb0000dfff0000b8
:1030dc00ffdb0000dfff0000ffc30000c3ff0000a8
:1030ec00ffff0000ffff0000ffcf0000f3ff000018
:1030fc00ffcf0000f3ff0000ffcf0000f3ff000044
:10310c00ffcf0000f3ff0000ffff0000ffff0000f7
:10311c00ffff0000ffff0000ffff0000ffff0000ab
:10312c00ffff0000ffff0000ff830000c3ff000053
:10313c00ffb70000dbff0000ffb70000dbff000063
:10314c00ff830000c3ff0000ffdb0000dfff000077
:10315c00ffdb0000dfff0000ffc30000c3ff000027
:10316c00ffff0000ffff0000ffcf0000f3ff000097
:10317c00ffcf0000f3ff0000ffcf0000f3ff0000c3
:10318c00ffcf0000f3ff0000ffff0000ffff000077
:10319c00ffff0000ffff0000ffff0000ffff00002b
:1031ac00ffff0000ffff0000ff3f0000f0ff0000ea
:1031bc00ffdf0000efff0000ffdf0000ecff00006e
:1031cc00ffdf0000ecff0000ffdf0000efff00005e
:1031dc00ff3f0000f0ff0000ffff0000ffff0000ba
:1031ec00ff0f0000fcff0000fff70000fbff0000da
:1031fc00ff370000fbff0000ff370000fbff000063
:10320c00fff70000fbff0000ff0f0000fcff0000b9
:10321c00ffff0000ffff0000ffff0000ffff0000aa
:10322c00ffff0000ffff0000ff1f0000f8ff000081
:10323c00ffef0000f7ff0000ff370000ecff00007d
:10324c00ffdb0000dbff0000ff5b0000dbff00008a
:10325c00ffdb0000dbff0000ffdb0000dbff0000fa
:10326c00ff1b0000d8ff0000fff70000efff00007d
:10327c00ffef0000f7ff0000ff1f0000f8ff000049
:10328c00ffff0000ffff0000ffff0000ffff00003a
:10329c00ffff0000ffff0000ffff0000ffff00002a
:1032ac00ffff0000ffff0000ff330000f3ff0000f2
:1032bc00ff330000f3ff0000ffff0000ffff0000e2
:1032cc00ff330000f3ff0000ff330000f3ff0000aa
:1032dc00ffff0000ffff0000ff330000f3ff0000c2
:1032ec00ff330000f3ff0000ffff0000ffff0000b2
:1032fc00ff330000f3ff0000ff330000f3ff00007a
:10330c00ffff0000ffff0000ffff0000ffff0000b9
:10331c00ffff0000ffff0000ffff0000ffff0000a9
:10332c0044690000737000006c610000792000009b
:10333c004d6f00006465000000540000696d0000d2
:10334c0065200000466f0000726d00006174000083
:10335c00005300006574000020540000696d0000eb
:10336c0065000000536500007420000044610000fb
:10337c0074650000005300006574000020410000db
:10338c006c610000726d0000004100006c61000077
:10339c00726d0000204f00006e2f00004f66000081
:1033ac0066000000506f00006d6f0000646f00003d
:1033bc00726f0000000000009699000001000000f0
:1033cc00a399000002000000af9900000300000068
:1033dc00b899000004000000c1990000050000002d
:1033ec00cb99000006000000d899000007000000ef
:1033fc004469000067690000746100006c00000003
:10340c00416e0000616c00006f670000004200001c
:10341c00696e00006172000079000000313200001a
:10342c00204800006f75000072000000323400006c
:10343c00204800006f75000072000000253000006d
:10344c00326400003a25000030320000643a00007b
:10345c002530000032640000004f00004e000000d8
:10346c004f460000460000004d4500004e55000040
:10347c00005300004554000020540000494d00004a
:10348c0045000000253000003264000000530000ad
:10349c004554000020440000415400004500000049
:1034ac0025300000326400002f250000303200006f
:1034bc00640000005345000054200000414c000003
:1034cc00415200004d000000253000003264000025
:1034dc003a2500003032000064000000444900002e
:1034ec00535000004c41000059000000464f0000b2
:1034fc00524d000041540000004100004c410000be
:10350c00524d0000004300006f6d0000696e00001a
:10351c0067200000536f00006f6e00000000000079
:10352c005f5f0000050800000000000000000000c4
:10353c000000000000fa00000000000000e00000a5
:10354c0000e0000000280000fe280000fe2800001b
:10355c0024540000fe54000048c40000c8100000b1
:10356c00264600006c9200006a0400000a0000006d
:10357c0010e00000c0000000003800004482000091
:10358c0000000000824400003800000054380000a5
:10359c00fe38000054100000107c000010100000d9
:1035ac00000000000e0c00000010000010100000c5
:1035bc0010100000000000000606000000040000cf
:1035cc0008100000204000007c8a000092a200003d
:1035dc007c00000042fe0000020000004e92000041
:1035ec00929200006284000082920000b2cc000033
:1035fc001828000048fe000008e40000a2a2000009
:10360c00a29c00003c520000929200008c820000b0
:10361c008488000090e000006c9200009292000000
:10362c006c62000092920000947800000000000090
:10363c002800000000000000022c00000000000028
:10364c0000100000284400008228000028280000f8
:10365c0028280000008200004428000010400000d0
:10366c00809a0000906000007c820000ba9a0000f2
:10367c00723e000048880000483e0000fe920000a8
:10368c00929200006c7c0000828200008244000058
:10369c00fe820000828200007cfe000092920000fc
:1036ac0092820000fe90000090900000807c000050
:1036bc00828200008ace0000fe1000001010000074
:1036cc00fe00000082fe00008200000004020000e8
:1036dc0082fc000080fe00001028000044820000e4
:1036ec00fe0200000202000002fe00004038000052
:1036fc0040fe0000fe20000010080000fe7c0000d0
:10370c0082820000827c0000fe90000090900000fd
:10371c00607c0000828a0000847a0000fe90000029
:10372c00989400006264000092920000924c000099
:10373c00c0800000fe800000c0fc000002020000ff
:10374c0002fc0000f804000002040000f8fc000079
:10375c00021c000002fc0000c6280000102800001b
:10376c00c6c00000201e000020c00000869a000089
:10377c0092b20000c2000000fe82000082820000b3
:10378c0040200000100800000400000082820000ad
:10379c0082fe00002040000080400000200200005b
:1037ac00020200000202000000c00000e010000055
:1037bc00000400002a2a00001c020000fe14000075
:1037cc00222200001c1c00002222000022140000f7
:1037dc001c22000022140000fe1c00002a2a0000fb
:1037ec002a180000001000007e90000040300000fd
:1037fc004a4a0000523c0000fe100000202000004d
:10380c001e00000022be00000200000004020000a6
:10381c0002bc000000fe00000814000022000000a2
:10382c0000820000fe020000003e0000201e00008e
:10383c00201e00003e100000202000001e1c000076
:10384c0022220000221c00003e180000242400004c
:10385c001818000024240000183e00003e10000040
:10386c0020200000101200002a2a00002a24000048
:10387c0020200000fc220000243c0000020200007a
:10388c00043e00003804000002040000383c000034
:10389c00020c0000023c000022140000081400007e
:1038ac00223200000a0a00000a3c00002226000016
:1038bc002a32000022000000106c00008200000080
:1038cc0000000000fe00000000000000826c000000
:1038dc00100000004080000040200000400000006c
:1038ec002f1b0000311b0000331b0000351c000097
:1038fc00371d0000391e00003b1f00003c2000005b
:10390c003e2200003f23000040250000412700001c
:10391c0042290000432b0000432d0000432f0000e0
:10392c0043310000433300004235000041370000b2
:10393c00403900003f3b00003e3c00003c3e000094
:10394c003b3f000039400000374100003542000089
:10395c0033430000314300002f4300002d4300008f
:10396c002b430000294200002741000025400000a5
:10397c00233f0000223e0000203c00001f3b0000c3
:10398c001e3900001d3700001c3500001b330000e1
:10399c001b3100001b2f00001b2d00001b2b0000f7
:1039ac001c2900001d2700001e2500001f230000fd
:1039bc002022000022200000231f0000251e0000f2
:1039cc00271d0000291c00002b1b00002d1b0000d4
:1039dc002f0f0000320f00003610000039110000cc
:1039ec003c1200003f130000421500004417000079
:1039fc00471a0000491c00004b1f00004c2200001d
:103a0c004d2500004e2800004f2c00004f2f0000c9
:103a1c004f3200004e3600004d3900004c3c000087
:103a2c004b3f00004942000047440000444700005f
:103a3c00424900003f4b00003c4c0000394d000057
:103a4c00364e0000324f00002f4f00002c4f00006c
:103a5c00284e0000254d0000224c00001f4b00009a
:103a6c001c4900001a4700001744000015420000d2
:103a7c00133f0000123c000011390000103600000a
:103a8c000f3200000f2f00000f2c00001028000038
:103a9c001125000012220000131f0000151c00004d
:103aac00171a00001a1700001c1500001f13000045
:103abc002212000025110000281000002c0f00001d
:103acc002f09000033090000370a00003b0b0000ef
:103adc003e0c0000420e0000451000004813000090
:103aec004b1600004e190000501c00005220000024
:103afc005323000054270000552b0000552f0000c5
:103b0c005533000054370000533b0000523e000078
:103b1c00504200004e4500004b480000484b00004e
:103b2c00454e0000425000003e5200003b53000046
:103b3c0037540000335500002f5500002b55000062
:103b4c002754000023530000205200001c5000009a
:103b5c00194e0000164b00001348000010450000e1
:103b6c000e4200000c3e00000b3b00000a37000028
:103b7c0009330000092f0000092b00000a27000060
:103b8c000b2300000c2000000e1c0000101900007c
:103b9c001316000016130000191000001c0e000074
:103bac00200c0000230b0000270a00002b0900004a
:103bbc0000000000ff00000000450000ff000000b6
:103bcc0000a50000ff00000000d70000ff0000006f
:103bdc0000ff0000ff0000002fff0000ad00000000
:103bec0000ff0000000000007fff0000000000004c
:103bfc00ffbf000000000000ff00000000000000fc
:103c0c00e22b00008a000000800000008000000011
:103c1c0093140000ff000000574f0000524b0000af
:103c2c000042000052450000414b0000004c0000d7
:103c3c004f4e00004720000042520000454100005a
:103c4c004b000000524500004144000059000000a8
:103c5c0025300000326400003a25000030320000ac
:103c6c006400000050410000555300004544000022
:103c7c000000000038340000323100000000000069
:103c8c009e8d00009e8d00003ecd00003ecd0000bc
:103c9c00ffb50000ffb500004d0000005300000010
:103cac004800000025300000326400000050000085
:103cbc004d000000414d0000003a000000000000e3
:103ccc0020010000000000000000000020010000a6
:103cdc000f000000000000001f1c00001f1e000051
:103cec001f1e00001f1f00001e1f00001e1f0000d3
:103cfc0025300000326400002f2500003032000017
:043d0c00640000004f
:020000040000fa
:103d10000200fa00004f7800114798009e80fb00d7
:103d2000c00320000088b900800078001e40900089
:103d30000080fb0000017800110009008200d8001b
:103d4000004078000080fa00000006001200fa002f
:103d5000204f9800314f9800424f98007307980009
:103d6000040f9800be4890002e489000e8ff07001e
:103d7000004f78001e80fb000000400061d6290043
:103d8000614078000000fb00f002b10010079800cd
:103d90001e80fb00000040000000e80061d6290002
:103da000614078000000fb00f002b100200798009d
:103db0004e4890008080fb001e0090000088b900f3
:103dc00000017800706626000090b900c488de000b
:103dd0004f90de0000805000300798004e48900061
:103de0008080fb002e0090000088b9000001780060
:103df000706626000090b900c488de004f90de0097
:103e000000805000400798003e009000f102200022
:103e1000808040007e009000010878004e009000f5
:103e200041032000808040000e08900001087800c7
:103e30000080fa00000006000600fa00004f78003b
:103e400011079800220798002e0290009e01900012
:103e500002c2b30071c0b3001e407800bbff070070
:103e60000080fa00000006002a00fa0040179800bf
:103e70004e1090004bf507003007980070c0b3005b
:103e8000004f78001e407800eb4f500002003600d3
:103e9000b0c0b300004f78000040eb00005798001e
:103ea0000040eb00405f98009e80fb003e009000c9
:103eb000808f50000700390070004700b2002000da
:103ec000ce1090004ff507000040eb00305f9800e7
:103ed0003e0037000000eb00100798000000eb00e8
:103ee000200798000c003700ce1090002e009000a4
:103ef000008040009040780000c2b30080cf5000a6
:103f000002003a00ae009000110798002e009000c9
:103f10000000e80020079800ae0090003e009000ee
:103f2000808f5000040031009e80fb002e00900026
:103f3000808f5000ecff3e001e0090000000e0006b
:103f4000040032009e80fb001e009000808f500015
:103f500002003e001e80fb00100798007000470022
:103f60001e019000ce10900026f50700f0004700db
:103f70001e009000008040008040eb000148780067
:103f8000030037001e0090000000e80010079800b2
:103f9000ce1090001e0090000080400090407800fd
:103fa00000c2b30080cf5000f6ff3200ce10900068
:103fb0001e009000808040007c004700b20020007e
:103fc00010f507000040eb00706798007000470094
:103fd000f4f40700004078006600b90000007800a3
:103fe000004f98007c004700eef407000040780086
:103ff0006600b90000007800104f98008e489000cd
:104000001e489000814f50000100310001407800af
:1040100068404000204f98004e5890000004e00097
:104020000200320020c1b30001003700c0c0b3005d
:10403000304f98002e4890000080fb000000d10017
:1040400000407800f1c2b30000c05000404f98001b
:104050003e4890000080fb000000d1000040780046
:1040600041c3b30000c05000504f98002e4890004c
:104070000080fb000000d10000407800f042b0005a
:10408000604f98003e4890000080fb000000d10087
:10409000004078004043b000704f9800640e22004a
:1040a000fe4990006e499000de4890004e48900016
:1040b000b60907004e5890000004e0000e003a00d8
:1040c000f00047000e4890000080fb000000d10087
:1040d00000407800f2c2b30000405100e5d928004a
:1040e0000102780013c0b30012c0b30011c3b300c3
:1040f0002c0a07001a003700f00047000e48900015
:104100000080fb000000d10000407800f2c2b30044
:1041100000405100e5d928000102780013c0b30027
:1041200012c0b300d1c2b3001e0a0700fc00470052
:104130001e4890000080fb000000d1000040780085
:10414000f2c2b30000405100e5d928000102780016
:1041500013c0b30012c0b30051c3b300110a07006b
:104160000080fa00000006000200fa00000f78004c
:10417000640e2200a3c0b300f2c5b3008040eb0080
:104180000040eb00810907001e007800f55f2b005e
:104190000002780013c0b30012c0b30021c0b30006
:1041a000a0c3b300ff0907000080fa00000006006a
:1041b0001400fa0074240700000f78001e00780035
:1041c000a040900080ba20001040780080cf5000be
:1041d0003e00320080ba2000104078008081fb0051
:1041e00070ba2000104078000081fb0060ba200007
:1041f000104078008080fb000e80e800831f78006c
:10420000821f7800811f780041a22900811f780059
:10421000f3f30700e8875700640e2200a3c0b30041
:1042200092c3b3008040eb000040eb005709070049
:104230000e80e800650e22000002780013c0b30073
:1042400012c0b30021c0b30020c0b300d5090700dd
:104250001e007800204090008081fb001e00780046
:10426000104090000081fb001e0078001040780094
:104270008080fb006b004700831f7800821f78005e
:10428000811f780041a22900811f7800d4f3070024
:10429000e88757006b00470005b926000002780048
:1042a00013c0b30012c0b30021c0b30020c0b300dc
:1042b000bc0907001e00780090007800315d88007e
:1042c00081ba200020419000824878000080fa00e6
:1042d000000006000400fa00004f78001107980063
:1042e0001e407800e14f500008003a001e00900088
:1042f000300090000000e00002003a0060852900d4
:104300000100370060892900100037001e40780046
:10431000e54f500008003a001e00900060489000f1
:104320000004e0000200320060792900010037003b
:10433000607d2900050037001e80fb0080004000e2
:1043400000a8200000804000100078000080fa00e3
:10435000000006000000fa004ac8bf000080fa0012
:10436000000006000200fa00004f78001e417800ad
:10437000a1842000824878000080fa000000060036
:104380000a00fa00004f9800114f9800fe23070022
:10439000000f7800e6004700640047000101780044
:1043a000800078000e489000a3fe07009e00780071
:1043b0000e489000c7ff0700100798001e489000a5
:1043c0000004e000140032003e00900080407800bd
:1043d0002e00900000407800e3d92800b2c0b3005e
:1043e0005a0707003e00900000407800e840500067
:1043f0002e009000004078007040500006c1b300cd
:104400009e02900014c0b30013c0b300620e2200dd
:1044100087090700130037003e00900080407800b5
:104420002e00900000407800630e2200b2c0b3005e
:10443000460707003e00900000407800e84050002a
:104440002e009000004078007040500006c1b3007c
:104450009e02900014c0b30013c0b30002b926003e
:10446000730907000080fa00000006000200fa004d
:10447000004f78001e80fb00c200dd00209e290056
:10448000008040001000780077fe07000080fa00ee
:10449000000006000000fa00bb2307004000900067
:1044a000004078000080fa00000006000200fa00d8
:1044b000004f7800b42307009e80fb004100980065
:1044c0000080fa00000006000800fa00604798002b
:1044d00071479800e40047000e80e8000102780070
:1044e00080017800a2c1b30031c0b3006e409000db
:1044f00016fe07006e4090000080fb008000400028
:1045000080a9200000804000100f78007e409000bd
:104510000004e000140032002e009000804078007b
:104520001e00900000407800e3d92800b2c0b3001c
:10453000060707002e00900000407800e840500079
:104540001e009000004078007040500006c1b3008b
:104550009e02780014c0b30013c0b300620e2200a4
:1045600033090700130037002e00900080407800c8
:104570001e00900000407800630e2200b2c0b3001d
:10458000f20607002e00900000407800e84050003e
:104590001e009000004078007040500006c1b3003b
:1045a0009e02780014c0b30013c0b30002b9260005
:1045b0001f0907000080fa00000006000200fa0050
:1045c000004f78001e80fb0080004000e0a8200023
:1045d000008040001000780023fe07000080fa00f1
:1045e000000006000000fa0067230700300090007a
:1045f000004078000080fa00000006000200fa0087
:10460000004f7800602307009e80fb003100980077
:104610000080fa00000006000800fa0060479800d9
:1046200071479800e40047000e80e800010278001e
:1046300080017800a2c1b30021c0b3006e40900099
:10464000c2fd07006e4090000080fb00800040002b
:10465000e0a9200000804000100f78007e4090000c
:104660000004e000140032002e009000804078002a
:104670001e00900000407800e3d92800b2c0b300cb
:10468000b20607002e00900000407800e84050007d
:104690001e009000004078007040500006c1b3003a
:1046a0009e02780014c0b30013c0b300620e220053
:1046b000df080700130037002e00900080407800cc
:1046c0001e00900000407800630e2200b2c0b300cc
:1046d0009e0607002e00900000407800e840500041
:1046e0001e009000004078007040500006c1b300ea
:1046f0009e02780014c0b30013c0b30002b92600b4
:10470000cb0807000080fa00000006000200fa0053
:10471000004f78001e80fb008000400040a9200070
:104720000080400010007800cffd07000080fa00f4
:10473000000006000000fa00132307006048900004
:104740000080fa00000006000200fa00004f780026
:104750000d2307009e80fb008100ea00cf08de00e9
:1047600081407800614898000080fa00000006004f
:104770000800fa006047980071479800e40047007d
:104780000e80e8000102780080017800a2c1b30029
:1047900021c0b3006e4090006cfd07006e40900099
:1047a0000080fb008000400020aa20000080400024
:1047b000100f78007e4090000004e00014003200ea
:1047c0002e009000804078001e009000004078008d
:1047d000e3d92800b2c0b3005c0607002e009000a9
:1047e00000407800e84050001e0090000040780033
:1047f0007040500006c1b3009e02780014c0b300a0
:1048000013c0b300620e22008908070013003700ae
:104810002e009000804078001e009000004078003c
:10482000630e2200b2c0b300480607002e009000bd
:1048300000407800e84050001e00900000407800e2
:104840007040500006c1b3009e02780014c0b3004f
:1048500013c0b30002b92600750807000080fa00f3
:10486000000006000200fa00004f78001e407800a9
:104870000004e0000200320030a3290001003700ec
:1048800060a3290078fd07000080fa000000060000
:104890000000fa00640e2200f3c5b300f2c5b300b5
:1048a000c1c0b3000040eb00b8070700a0a3290077
:1048b0002dfe070060aa2000181207000080fa00f1
:1048c000000006000000fa0060aa20004f12070056
:1048d0000080fa00000006000400fa00000f7800d3
:1048e00011079800640e2200f3c5b300f2c5b300af
:1048f000c1c0b3000040eb00a40707001e009000f9
:1049000019fe0700630e220062c1b30041c3b30069
:10491000f0c2b3000d0607001e007800ff1107006b
:104920000080fa00000006001e00fa009622070030
:1049300030079800640e2200f3c5b300f2c5b3003f
:10494000c1c0b3000040eb0090070700f0a32900ae
:1049500005fe0700c0c3b300004f780050c0b3008d
:10496000104798003e009000505090000004e00076
:1049700004003a0080c1b300004f780020c0b300ab
:10498000104798000040eb002047980034003700a3
:104990002e4090008080fb001e4090000080fb00b5
:1049a00000017800110009008280d8008000fd001d
:1049b000004078000004e00025003a00f8004700bd
:1049c000760047000102780080017800e2c1b30060
:1049d0009e4078002e409000dcfc0700ae40900026
:1049e000314798003e009000505090000004e000d5
:1049f00002003a002e419000324798003e4090005d
:104a00008080fb007a004700811f780081a4290084
:104a1000811f7800f2f10700e48757007a01470010
:104a20004e08900000407800e34050003e0890009f
:104a3000004078006640500005b926000202780068
:104a400013c0b30012c0b300d6070700010037003f
:104a5000000000002e4090000040e8002047980031
:104a60002e4090009e4f5000c9ff3900e0b9200051
:104a7000104078008081fb00d0b920001040780001
:104a80000081fb00c0b92000104078008080fb004e
:104a900068004700831f7800821f7800811f78001c
:104aa00041a22900811f7800cdf10700e887570057
:104ab00068004700ecfc07000040eb00404798000e
:104ac0003e009000505090000004e00003003a00c7
:104ad000c0b9200090407800414798003e00900007
:104ae00050509000e14f500003003a00d0b9200030
:104af00010417800424798003e00900050509000ce
:104b0000e24f500003003a00e0b9200090407800e6
:104b100041479800f4004700720047000102780006
:104b200080017800e2c1b3009e4078004e409000c2
:104b300086fc07002e089000804078001e08900038
:104b400000407800e3d9280022c0b3007f050700a9
:104b50000080fa00000006001a00fa000a2207008e
:104b600010079800640e2200f3c5b300f2c5b3002d
:104b7000c1c0b3000040eb0004070700d0a4290027
:104b800079fd07001e009000505090000004e000e6
:104b900002003a00f0c1b30001003700c0c0b3000a
:104ba000404798001e009000505090000004e00024
:104bb00002003a0050c0b3000100370010c0b3003b
:104bc0005047980010c0b300004f7800280037000d
:104bd0001e80fb008000e9005e4090000080fb002a
:104be00000017800110009008200d8008000fd005b
:104bf0000000e0001c003a001e40e900740147007c
:104c0000f20047000202780081017800e2c1b3009f
:104c1000ce4090004dfc07009e80fb0076004700d0
:104c2000811f780081a42900811f78006cf10700a2
:104c3000e4875700760147002e0890000040780076
:104c4000e34050001e08900000407800664050008d
:104c500005b926000202780013c0b30012c0b300e9
:104c60005007070001003700000000001e4fe80059
:104c70004e4090009e40780080cf5000d4ff360018
:104c800010ba2000104078000081fb0000ba20001c
:104c9000104078008080fb0067004700821f78008a
:104ca000811f780061a52900811f78004cf1070061
:104cb000e6875700670047006bfc07001e00900066
:104cc000505090000004e00004003a0000ba2000b8
:104cd000104078000040e9000300370010ba2000bf
:104ce000104078000040e90060479800f00047005d
:104cf0006e0047000102780080017800e2c1b30035
:104d0000ce4090006e40900010fc07000e0890000e
:104d1000804078007e00900000407800e3d92800b1
:104d200022c0b300090507000080fa000000060059
:104d30001a00fa009421070010079800640e220060
:104d4000f3c5b300f2c5b300c1c0b3000040eb002f
:104d50008e06070000a6290003fd07001e00900034
:104d6000505090000004e00002003a0080c1b300ff
:104d700001003700c0c3b300404798001e009000f8
:104d8000505090000004e00002003a0020c0b30040
:104d90000100370050c0b300504798000040eb00be
:104da000004f7800280037009e80fb005e40900096
:104db0000080fb0000017800110009008280d8000b
:104dc0008000fd00004078000004e0001c003a0074
:104dd000f40047007200470001027800800178006b
:104de000e2c1b300ce4090001e407800d7fb070020
:104df0009e80fb0076004700811f780081a4290077
:104e0000811f7800f6f00700e4875700760147001d
:104e10002e08900000407800e34050001e089000eb
:104e2000004078006640500005b926000202780074
:104e300013c0b30012c0b300da0607000100370048
:104e4000000000001e4fe8004e4090009e40780099
:104e500080cf5000d4ff390030ba200010407800d5
:104e60000081fb0020ba2000104078008080fb0009
:104e700067004700821f7800811f7800a1a62900e3
:104e8000811f7800d6f00700e687570067004700cb
:104e9000f5fb07001e009000505090000004e00059
:104ea00003003a0020ba20001040780002003700ca
:104eb00030ba20001040780060479800f0004700aa
:104ec0006e0047000102780080017800e2c1b30063
:104ed000ce4090006e4090009cfb07000e089000b2
:104ee000804078007e00900000407800e3d92800e0
:104ef00022c0b300950407000080fa0000000600fd
:104f00000200fa00000f78001e007800bf100700b2
:104f10000080fa00000006000800fa0040479800f0
:104f20005147980062479800ce4090005e40900044
:104f300080cf50001d0032000e80e8000002780093
:104f40008e017800e2c1b300ee4090004e40900028
:104f50007efb07001e009000804078001e00780055
:104f600000407800630e220022c0b30077040700df
:104f70000e80e800000278008e017800e2c1b300e4
:104f8000ee4090005e40900070fb07001e00900015
:104f9000804078001e00780000407800e3d92800a7
:104fa00022c0b300690407000100370000000000c0
:104fb0000080fa00000006000000fa003200200025
:104fc0008000eb0060ba200092f0070080ba200059
:104fd00031c6b3000148780000c0eb0000e8b7001c
:104fe0000080eb00204088000080eb0060408800db
:104ff0004f68ef0000c0eb000ee8b7008000200013
:105000008040880000c0eb0001e8b70000c0eb0062
:1050100002e8b70000c0eb0003e8b7004b68ef0000
:105020004c68ef004d68ef004e68ef000080eb0029
:10503000304088000080eb00404088000080eb009a
:10504000504088000080fa00000006000200fa00cc
:10505000cd200700000f78001e007800110020000e
:10506000510098001e0078008000eb0011089800a5
:105070004a68ef0000c0eb0000e8b7001e007800af
:105080008040eb00515098000080eb0020408800e9
:105090000080eb00604088004f68ef0000c0eb002c
:1050a0000ee8b700800020008040880000c0eb00c0
:1050b00001e8b70000c0eb0002e8b70000c0eb0059
:1050c00003e8b7004b68ef004c68ef004d68ef0055
:1050d0004e68ef000080eb00304088000080eb005d
:1050e000404088000080eb00504088001e0078009f
:1050f00011c0b300116098000080fa0000000600a3
:105100000200fa00a0200700000f78001e007800bf
:105110008000eb00510098001e00780011c0b30021
:10512000116098000080fa00000006000800fa00f4
:105130002007980031079800932007001007980077
:105140000040eb00004f78001e0090009008900097
:1051500080408000808f5000220032000080eb00f1
:10516000204088000080eb00604088004f68ef001e
:1051700000c0eb000ee8b70000c0eb0001e8b7008c
:1051800000c0eb0002e8b70000c0eb0003e8b70086
:105190004b68ef004c68ef004d68ef004e68ef0081
:1051a0000080eb00304088000080eb004040880029
:1051b0000080eb005040880060aa2000b60f070076
:1051c00060ab2000b40f070060ac2000b20f0700f6
:1051d00060ad2000b00f07001e0090001008900086
:1051e000804088001e009000100890000000e00041
:1051f00041003a00e2012000be00900060aa2000b9
:10520000441007000004e0000200320010c0b300a8
:10521000004f78002e009000e30f50008b013a0001
:105220004ac8bf000080fb004200dd008080e8002b
:10523000209e290000804000900078001e00900011
:10524000110898001e0090008040eb00515098001b
:105250001e00900010089000e30f500006003a0076
:105260001e00900090007800e15c8800e1b9200009
:1052700020419000824878001e00900010089000a5
:10528000e40f500007003a001e00900001ba200011
:10529000304190008248780011ba200040419000cf
:1052a000824878001e00900010089000e50f500022
:1052b0000b003a001e009000c048900020ba200069
:1052c000014878001e009000d048900030ba2000bd
:1052d0000148780040ba20008040eb000148780087
:1052e0001e00900011c0b3001160980010c0b30000
:1052f000004f7800550137001e0090001008900004
:10530000e10f500015003a0092012000be0090000d
:1053100060ab2000ff0f07000004e0000200320035
:1053200010c0b300004f78002e009000e10f500035
:10533000030032002e009000e30f500043013a00ba
:105340001e0090008000eb00110898001e009000e5
:1053500011c0b300116098003c0137001e0090009e
:1053600010089000e20f500015003a009201200052
:10537000be00900060ac2000e60f07000004e000d3
:105380000200320010c0b300004f78002e009000e1
:10539000e10f5000030032002e009000e30f500098
:1053a0002a013a001e0090008000eb0011089800ce
:1053b0001e00900011c0b300116098002301370057
:1053c0001e00900010089000e60f500015003a00f3
:1053d00092012000be00900060ad2000cd0f0700bc
:1053e0000004e0000200320010c0b300004f78005b
:1053f0002e009000e10f5000030032002e009000bc
:10540000e30f500011013a001e0090008000eb00f5
:10541000110898001e00900011c0b30011609800a0
:105420000a0137001e00900010089000e30f5000a2
:1054300060003a001e009000d05090000ec8bf00df
:1054400080cf5000050032000080eb0060408800f3
:105450001e009000505090000ee8b7001e00900013
:10546000505090000004e0000d003a00c6b9200042
:10547000f5842000c48020008300200072c1b300a6
:105480008040eb003e009000dd0e07000004e000cd
:105490002000320010c0b300004f78001d0037001c
:1054a0001e00900050509000e14f50000d003a0057
:1054b000d6b92000f5842000c480200063002000bd
:1054c000b2c3b3008040eb003e009000cc0e07005a
:1054d0000004e0000f00320010c0b300004f78005d
:1054e0000c003700e6b92000f5842000c4802000bd
:1054f00063002000b2c3b3008040eb003e00900088
:10550000bf0e07000004e0000200320010c0b3002c
:10551000004f78002e009000e10f500007003a0085
:105520001e0090008000eb00110898001e00900003
:1055300011c0b30011609800c40037002e00900025
:10554000e30f5000c1003a001e0090005050900040
:10555000e14f500006003e001e00900050509000a9
:105560008040e8001e009000515098000e00370067
:10557000c0b92000441607001e009000e15c8000c6
:1055800001087800e1b9200011417800224098001c
:105590001e0090008000eb00110898001e00900093
:1055a00011c0b3001160980010c0b300004f780024
:1055b000a60037001e00900010089000e40f500075
:1055c00050003a001e009000d05090000ec8bf005e
:1055d00080cf5000050032000080eb006040880062
:1055e0001e009000505090000ee8b7001e00900082
:1055f000505090000004e0000d003a0006ba200070
:10560000f5842000c480200083002000f2c1b30094
:1056100011c0b3003e009000790e07000004e000c6
:105620000f00320010c0b300004f78000c003700ac
:1056300016ba2000f5842000c480200083002000da
:10564000c2c0b30011c0b3003e0090006c0e070052
:105650000004e0000200320010c0b300004f7800e8
:105660002e009000e10f500007003a001e0090004d
:105670008000eb00110898001e00900011c0b300dc
:1056800011609800710037002e009000e30f500069
:105690006e003a001e009000505090000004e000a0
:1056a00006003a001e009000505090008040e80034
:1056b0001e009000515098000f00370000ba2000e3
:1056c000141607001e00900001ba20001141780056
:1056d0003240980011ba20001141780042409800f1
:1056e0001e0090008000eb00110898001e00900042
:1056f00011c0b3001160980010c0b300004f7800d3
:10570000520037001e00900010089000e50f500076
:105710004e003a001e009000d05090000ec8bf000e
:1057200080cf5000050032000080eb006040880010
:105730001e009000505090000ee8b7001e00900030
:10574000505090000004e0000d003a0026ba2000fe
:10575000f5842000c48020008300200072c1b300c3
:105760008040eb003e009000250e07000004e000a2
:105770000f00320010c0b300004f78000c0037005b
:1057800036ba2000f5842000c48020006300200089
:10579000b2c3b3008040eb003e009000180e07003b
:1057a0000004e0000200320010c0b300004f780097
:1057b0002e009000e10f500007003a001e009000fc
:1057c0008000eb00110898001e00900011c0b3008b
:1057d000116098001d0037002e009000e30f50006c
:1057e0001a003a001e009000505090000004e000a3
:1057f00006003a001e009000505090008040e800e3
:105800001e009000515098000e00370020ba200072
:10581000904078001e0090004148980030ba200067
:10582000904078001e009000514898001e009000a3
:105830008000eb00110898001e00900011c0b3001a
:105840001160980010c0b300004f78001e4078002f
:105850000004e000030032001e00900011c0b300fd
:10586000016098000080fa00000006000200fa00c3
:105870004ffa0700c41e0700000f78001e007800d2
:1058800010089000e30f500018003200e30f5000a2
:1058900005003e00e10f50000c003200e10f500007
:1058a0000e003e0007003700e50f500013003200e5
:1058b000e50f50000f003900e60f500011003200d4
:1058c00014003700f2fb07002100370041a7290030
:1058d00060ab200000fc07001d003700c1a72900b5
:1058e00060ac2000fcfb0700190037000efc07002d
:1058f0001700370098fc0700150037000cfd070063
:105900001300370031a8290060ad2000f2fb07002a
:105910000f003700640e2200f3c5b300f2c5b300d8
:10592000c1c0b3000040eb009803070090a8290015
:10593000e5d928000002780013c0b30012c0b300fc
:1059400081c2b300a0c0b30016040700000000002d
:105950000080fa00000006001e00fa0014fa07009a
:10596000891e0700000f78001e00780010089000c4
:10597000e30f500019003200e30f500005003e0015
:10598000e10f50000c003200e10f50000d003e000e
:1059900007003700e50f50006f003200e50f5000a0
:1059a00042003900e60f5000090032009300370032
:1059b000c4fb07009300370060ab200050fd0700d8
:1059c0009000370060ac20004dfd07008d003700cf
:1059d00060ad20004afd07008a0037001e007800f5
:1059e000505090000004e00002003a0080c1b30073
:1059f00001003700c0c3b300204798001e007800a4
:105a0000505090000004e00003003a00c0b92000ac
:105a100010407800090037001e00780050509000b8
:105a2000e14f500003003a00d0b920001040780048
:105a300002003700e0b9200010407800304798009d
:105a40004fc8bf002e419000be40900032fd0700bd
:105a5000e0b92000104078008081fb00d0b9200020
:105a6000104078000081fb00c0b920001040780091
:105a70008080fb0068004700831f7800821f780049
:105a8000811f780041a22900811f7800d4ed070012
:105a9000e887570068004700f3f807003e41900090
:105aa000f184200082487800560037001e007800fc
:105ab000505090000004e00002003a00f0c1b30032
:105ac00001003700c0c0b300404798001e007800b6
:105ad000505090000004e00004003a0000ba20009a
:105ae000104078000040e9000300370010ba2000a1
:105af000104078000040e900504798004fc8bf00b0
:105b00004e419000de40900003fd070010ba2000d7
:105b1000104078000081fb0000ba2000104078009f
:105b20008080fb0071004700821f7800811f780091
:105b300061a52900811f7800a9ed0700e6875700bd
:105b400071004700c8f807005e419000f184200012
:105b5000824878002b0037001e00780050509000db
:105b60000004e00002003a0080c1b30001003700e9
:105b7000c0c3b300604798001e00780050509000ea
:105b80000004e00003003a0020ba20001040780032
:105b90000200370030ba20001040780070479800ab
:105ba0004fc8bf006e419000fe409000dafc070035
:105bb00030ba2000104078000081fb0020ba20009d
:105bc000104078008080fb0077004700821f78003b
:105bd000811f7800a1a62900811f780080ed0700b1
:105be000e6875700770047009ff807007e41900046
:105bf000f184200082487800020037001bff070074
:105c0000000000000080fa00000006000600fa0014
:105c1000000f780011079800220798001e007800f6
:105c2000804078002e009000014878002e009000ff
:105c300011c0b300614898002e0090009e009000b3
:105c40001101be0022009800330098001e00780069
:105c5000e30f50002f003200e30f500005003e001c
:105c6000e10f500015003200e10f50001e003e0011
:105c700007003700e60f50003e003200e70f5000eb
:105c800048003200e50f50002e0032005700370068
:105c90002e0090009e0090001102be00240098008b
:105ca00035009800a1029000450098002e00900059
:105cb0002160230011009800500037002e00900052
:105cc0009e0090001103be00260098003700980047
:105cd000a1039000470098002e009000c1612300ae
:105ce00011009800450037002e0090009e009000a3
:105cf0001101be002200980033009800a10190001d
:105d0000430098002e009000a1632300110098002a
:105d10003a0037002e0090009e0090003102be0035
:105d20002103be002400980035009800460098002a
:105d3000570098002e009000816523001100980004
:105d40002e0037002e0090009e0090003102be0011
:105d50002103be00240098003500980046009800fa
:105d6000570098002e009000a167230011009800b2
:105d7000220037002e0090009e0090003102be00ed
:105d80002103be00240098003500980046009800ca
:105d9000570098002e009000c16923001100980060
:105da00016003700ae0090001e009000e480400016
:105db000b0187800a0107800e48040006400400033
:105dc000b0187800a0107800e48040006400400023
:105dd000900878008180e8000080e8002e009000a4
:105de000e16b230011009800040037002e009000a2
:105df000c15e230011009800000000000080fa003e
:105e0000000006000400fa0020479800314798007f
:105e10002e4090008080fb003e4090000000fb0080
:105e2000008f400060a92900104078000080fb002e
:105e30009e0f500003003d0060a92900104078002b
:105e4000080037001e0078000000e00002003d005e
:105e50000040eb0003003700be4090002e40900051
:105e600000c040000080fa00000006000200fa00b6
:105e7000004f78001147980060a929001040780071
:105e80009e40780080cf500005003e0070a9290098
:105e9000104078009e40900080cf500002003600f5
:105ea0000000eb0007003700f1c5b3001e4078008a
:105eb000ac0f0700f1c5b3001e409000940f07001f
:105ec000d00f07000080fa00000006000400fa006e
:105ed000004f7800114798001207980060a9290028
:105ee000104078009e40780080cf50000e003e00a9
:105ef00070a92900104078009e40900080cf50008b
:105f00000b003e00f1c5b3001e407800950f07005e
:105f1000f1c5b3001e4090007d0f07001e009000e9
:105f2000d20f070003003700000000000100370017
:105f3000000000000080fa00000006000e00fa00d9
:105f4000004f9800114f9800224f98006307980067
:105f50000e4890008080fb002e4890000080fb00df
:105f60008080500060a92900104078000080fb006c
:105f7000808f500070003c001e4890008080fb0025
:105f80002e4890000080fb008080500070a92900fe
:105f9000104078000080fb00808f500068003c00bb
:105fa0002e4890000004e00001003a0010c0b30049
:105fb000204f98002e489000804078000e489000b6
:105fc00090ff0700204798002e4890000040ea000c
:105fd000804078000e4890008aff07003047980004
:105fe0002e489000804078001e48900085ff0700f2
:105ff000404798002e4890000040ea00804078001a
:106000001e4890007fff070050479800be40900058
:10601000014f7800430037000e4890009e4f50001b
:10602000030039000e4890001e4050000300370066
:106030009e4078000e48900000c0500060479800d5
:10604000de40900011479800310037009e489000d4
:106050001e40900080cf5000040039009e48900000
:106060001e40900000c05000030037009e4090008a
:106070001e48900000c05000704798007e4090007d
:106080008080fb006e4090000080fb00808040001c
:106090002e4890000080fb00808f500015003400d7
:1060a0007e4090008080fb007e4090000080fb00de
:1060b0000088b900000178006e4090008080fb00ed
:1060c0006e4090000080fb000088b900000078005e
:1060d000000141002e4890008080fb002e48900077
:1060e0000080fb000088b90000007800800f51009c
:1060f00004003c006e0190009e4090001e4078001d
:1061000072ff07001e4090000040e8001047980012
:106110009e4090004e40900080cf5000cbff390051
:106120001e4fe8002e4090009e40780080cf500027
:10613000b9ff3900030037000000000001003700fc
:10614000000000000080fa00000006000c00fa00c9
:106150006047980071479800024f980053079800d5
:106160000040eb00104798000040eb0020479800eb
:106170000040eb00304798000000eb00200798003b
:106180000e4890000004e00001003a0010c0b30087
:10619000004f98000e4890000040e800004f780043
:1061a0000040eb00104798000040eb0020479800ab
:1061b0000000eb0020079800670037001e409000a9
:1061c0000000fb00000040000000e800ae0090006e
:1061d00000804000200798001e4090000040e8002a
:1061e000104798002e0090000000e0005a00350093
:1061f0004c003700ae409000314798004300370014
:10620000ae4090007e40900080c040003e41900033
:106210006e409000004041005e0190002bff07009f
:106220002e409000fe40900080c050003e41900003
:106230006e409000004041005e01900023ff070087
:10624000ae4090007e40900080c040003e409000f4
:106250006e419000004051005e0190001bff07005e
:106260002e409000fe40900080c050003e409000c4
:106270006e419000004051005e01900013ff070046
:10628000be4090007e40900080c040002e419000b3
:106290006e409000004041005e0190000bff07003f
:1062a0003e409000fe40900080c050002e41900083
:1062b0006e409000004041005e01900003ff070027
:1062c000be4090007e40900080c040002e40900074
:1062d0006e419000004051005e019000fbfe0700ff
:1062e0003e409000fe40900080c050002e40900044
:1062f0006e419000004051005e019000f3fe0700e7
:106300003e4090000040e800304798003e4090003a
:106310009e4f5000baff35002e4090000040e8002c
:1063200020479800ae4090001e40900080cf500063
:10633000b0ff35009e00fb00e0ff2f000088b90091
:10634000000078000000e800ae00900000804000ef
:10635000200798001e4fe9001e4090009e407800e4
:1063600080cf500095ff3d000080fa00000006003d
:106370000a00fa0040479800514798006247980089
:1063800073479800440798007e4090000080fb000f
:106390000000d10000407800ee40900000c04000b6
:1063a0006047980064003700ee409000014f78008d
:1063b0000040eb00104798000000eb001007980029
:1063c000560037009e4090005e40900080c0400024
:1063d0001e4178004e409000004041004e01900068
:1063e000bafe07001e409000de40900080c05000c2
:1063f0001e4178004e409000004041004e01900048
:10640000b2fe07009e4090005e40900080c04000b9
:106410001e4078004e419000004051004e01900017
:10642000aafe07001e409000de40900080c0500091
:106430001e4078004e419000004051004e019000f7
:10644000a2fe07009e4078005e40900080c04000a1
:106450001e4190004e409000004041004e019000cf
:106460009afe07001e407800de40900080c0500079
:106470001e4190004e409000004041004e019000af
:1064800092fe07009e4078005e40900080c0400071
:106490001e4090004e419000004051004e0190007f
:1064a0008afe07001e407800de40900080c0500049
:1064b0001e4090004e419000004051004e0190005f
:1064c00082fe07001e4090000000fb00000040001c
:1064d0000000e8009e009000008040001007980037
:1064e0001e4090000040e800104798001e009000f9
:1064f0000000e000090035009e00fb00e0ff2f00d7
:106500000088b900000078000000e8009e009000bc
:1065100000804000100798001e4fe9001e409000c8
:106520009e40780080cf5000a6ff3d006e40900056
:106530000040e900604798007e4090000080fb002a
:106540000000ea004f00de0000407800fe409000ae
:106550008140e900714798000004e00092ff3a0092
:106560000080fa00000006001200fa00204f980098
:10657000314f9800424f9800534f9800644f980055
:10658000050f980060a9290010407800ae489000df
:1065900080cf50000300390060a9290090407800a6
:1065a000214f980070a9290010407800be48900043
:1065b00080cf50000300390070a929009040780076
:1065c000314f980060a9290010407800ce48900013
:1065d00080cf50000300390060a929009040780066
:1065e000414f980070a9290010407800de489000c3
:1065f00080cf50000300390070a929009040780036
:10660000514f98004e4890008080fb002e4890002b
:106610000080fb0000805000100798001e009000d2
:10662000cf80de001e009000808068001e00900079
:106630004f00de0000804000100798005e48900088
:106640008080fb003e4890000080fb0000805000ee
:10665000200798002e009000cf80de002e009000d2
:10666000808068002e0090004f00de000080400017
:1066700020079800ae4890004e48900080cf500010
:106680000200310010c0b3000100370000c0eb0071
:1066900060479800be4890005e48900080cf500050
:1066a0000200310010c0b3000100370000c0eb0051
:1066b000704798009e0090002e009000008f5000c0
:1066c00001003700000000006e489000e14f5000cc
:1066d00005003e000e099000be4890002e48900034
:1066e000fafd0700050037008e0990006e49900002
:1066f000be4890002e48900010fe0700ae48900063
:106700004e48900080cf500004003a00be489000f0
:106710005e48900080cf5000190032001e007800c3
:1067200000004000400798002e0090008000ea0022
:106730004e009000808f500006003d002e0090001b
:106740001e0f10006e409000ae48900000c0400048
:10675000204f9800ce0090001e009000808f5000c7
:10676000d8ff3d001e0090001e0f40007e409000ac
:10677000be48900000c04000304f9800d2ff370064
:10678000000000000080fa00000006000800fa0087
:106790002047980031479800424798005347980097
:1067a00034079800ce4090002e4090006d0d0700f9
:1067b000de4090003e409000550d0700ae40900036
:1067c000014f780010003700be409000114798003c
:1067d000050037003e009000a40d07001e40900009
:1067e0000040e800104798001e4090008080fb00a9
:1067f0005e4090000080fb000000e800808f5000a9
:10680000f4ff35001e4fe8009e80fb004e409000d4
:106810000080fb000000e800808f5000eaff350098
:106820000080fa00000006001000fa00004f9800f7
:10683000114f9800224f9800334f9800444f980012
:10684000750798004e4890000080fb0001fe2f0065
:106850008080400080a92900104078000080fb0063
:106860000088b9000000780080007800a0a9290005
:10687000008f40000000eb00100798003c0037003c
:106880001e00780090407800614798001e0fe800d5
:1068900090a92900104078008080fb003e489000bd
:1068a0000080fb000088b9000000780020079800f5
:1068b000270037006e4090000080fb006100600000
:1068c000004078000004e000180032002e00900024
:1068d000804078001e48900080c040003e489000f4
:1068e00000c040008041e9001e0090008040780018
:1068f0000e48900080c040002e48900000c040002c
:106900000041e9002e009000804078001e48900071
:1069100080c040001e009000004278000e489000a9
:10692000004042007e02900098ff07006e409000f9
:106930000080fb000000d100604798003e489000b6
:106940000080fb00ae0090000080500020079800ff
:106950002e0090000000e000d6ff3a002e48900084
:106960000080fb009e00900000804000100798000f
:1069700080a92900104078008080fb002e489000fc
:106980000080fb000088b9000000780080007800db
:106990001e009000808f5000b9ff3e000080fa007a
:1069a000000006000800fa00004f78001147980028
:1069b000224798003347980024079800350798002d
:1069c000150037002e00900010407800ae009000b7
:1069d0008100e80021079800be0290000042780084
:1069e000be4190002e4190009e4090001e407800d5
:1069f0008dff070080a9290010407800ae4090006c
:106a00008180fb000088b900000078000040780019
:106a10001e404000004fe8002e009000104078001b
:106a20000004e000e7ff3a000080fa0000000600e2
:106a30001400fa00889fbe00204f9800314f980044
:106a400062079800634f9800744f9800050f9800f4
:106a50002657980000c2b300604798006e48900027
:106a60000004e000020032006e4890000100370090
:106a700010c0b300604f98007e4890000004e00012
:106a8000020032007e4890000100370010c0b300c1
:106a9000704f98000040eb00004f7800470037002f
:106aa0000e0890001001be001207980023079800fe
:106ab0000e08900064004000000f98001e4078000f
:106ac000fe4890008180fb000088b900000078003b
:106ad000804078003e48900000c040007047980019
:106ae0000040eb00104798002f0037001e00900078
:106af000ae00900000007800610060008004eb00b0
:106b0000000478000800be00e00f5000e08f58003d
:106b10001c003a006e4090008080fb001e409000f8
:106b20000080fb000080500000407800ee4890009c
:106b30008180fb000088b900000078008040780068
:106b40002e48900000c04000004f9800fe4090008a
:106b50007e48900000c040008040e9000e4990004f
:106b60006e489000004041000040e9006e02900035
:106b70008141780000417800fe4090000e4890006e
:106b800002ff07001e009000ae0090008100d100bf
:106b90000080d30010079800210798001e40900045
:106ba0000040e800104798009e4090006e40900022
:106bb00080cf5000cdff39001e4fe8002e509000ce
:106bc0009e40780080cf5000b5ff39004f04be00d2
:106bd0000080fa00000006000200fa00000f7800b2
:106be0001e007800200190001e007800f040900008
:106bf0001e00780060409000b4fc07000080fa009e
:106c0000000006000200fa00000f78001e00780065
:106c1000a00190001e007800004990001e0078003e
:106c2000f04090001e0078006040900047fd070093
:106c30000080fa00000006000200fa00000f780051
:106c40001e007800200290001e00780090499000fd
:106c50001e007800004990001e007800f04090006f
:106c60001e00780060409000c1fd07000080fa001f
:106c7000000006000200fa00000f78001e007800f5
:106c8000200290001e007800904990001e007800bd
:106c9000004990001e007800f04090001e0078002f
:106ca00060409000b9fe07000080fa000000060076
:106cb0000200fa00000f78001e007800a002900089
:106cc0001e007800004a90001e007800a049900045
:106cd0001e007800104990001e007800f0409000df
:106ce0001e007800604090001ffe07000080fa0040
:106cf000000006000200fa00000f78001e00780075
:106d0000a00290001e007800204a90001e0078002b
:106d1000904990001e007800004990001e00780005
:106d2000f04090001e00780060409000befe07001a
:106d30000080fa00000006000200fa00000f780050
:106d40001e007800a00290001e0078005002900003
:106d50001e007800904990001e00780000499000c5
:106d60001e007800f04090001e0078006040900007
:106d70000cff07000080fa00000006000200fa0085
:106d8000000f78001e007800404b90001e00780035
:106d9000d00290001e007800104a90001e0078007b
:106da000804990001e007800200190001e007800ad
:106db000f04090001e007800604090001cff07002b
:106dc0000080fa00000006000600fa00000f7800bc
:106dd00011079800220798001e007800f13f20005c
:106de000810f500001003600f03f2000b0118800f4
:106df0001e009000f13f2000810f5000010036007e
:106e0000f03f2000001288002e009000f13f20008b
:106e1000810f500001003600f03f20005012880022
:106e20000080fa00000006000800fa00000f780059
:106e3000110798002207980033079800f03f2000c0
:106e40009e007800808f500003003e001e007800f6
:106e50008000eb0002003700f03f2000010020001e
:106e60003e0190008001eb00028ab9000402780024
:106e7000009bb90086027800050242000200b800bb
:106e800001024200840078000020b0000180b000c0
:106e90004609dd004a00de0000007100ca08de007d
:106ea00000007800b01188009e009000f03f2000a4
:106eb000808f500003003e001e0090008000eb0019
:106ec00002003700f03f2000010020003e0190004a
:106ed0008001eb00028ab90004027800009bb9002f
:106ee00086027800050242000200b800010242005a
:106ef000840078000020b0000180b0004609dd0069
:106f00004a00de0000007100ca08de0000007800c0
:106f100000128800ae009000f03f2000808f5000eb
:106f200003003e002e0090008000eb0002003700be
:106f3000f03f2000010020003e0190008001eb00a6
:106f4000028ab90004027800009bb900860278002a
:106f5000050242000200b8000102420084007800ed
:106f60000020b0000180b0004609dd004a00de00cc
:106f700000007100ca08de0000007800501288008e
:106f80000080fa00000006000600fa00008fbe0034
:106f9000220798009e007800f00f2000008060001b
:106fa000c200dd001e017800f00f2000000061002b
:106fb0004600de00010170001e00be00c809dd00b1
:106fc0004800de0000807100c808de008000780004
:106fd000f00f200000806000c201dd001e00be0036
:106fe000480add004800de0000007200c808de002c
:106ff00080007800f00f2000008060004600de0076
:10700000030270001e00be004008de008000780011
:10701000f00f200000806000c201dd001e00be00f5
:107020004008de0080007800f00f20000080600043
:107030004600de0003007000ae019000840078007e
:1070400079ff07000080fa00000006000200fa0045
:10705000303380000080a00030338800401f2000c3
:10706000ac190700303380000080a1003033880065
:10707000401f2000a7190700303380000090a000b7
:1070800030338800401f2000a219070030338000f1
:107090000090a10030338800401f20009d19070098
:1070a000303380000080a00030338800303380000f
:1070b0000090a00030338800401f20009519070081
:1070c000303380000080a1003033880030338000ee
:1070d0000090a10030338800401f20008d19070068
:1070e0000000eb00000f7800110037003033800003
:1070f0000080a00030338800303380000090a00072
:1071000030338800400620008219070030338000a9
:107110000080a10030338800303380000090a1004f
:1071200030338800400620007a1907001e0fe8005f
:107130001e007800e40f5000ecff34000080fa00dd
:10714000000006000000fa000001eb008000eb00e8
:10715000f03f20001cff0700803e20006d19070053
:107160000001eb008000eb000020200016ff07006c
:10717000803e2000671907000001eb008000eb0053
:107180000010200010ff0700803e2000611907005a
:107190000001eb00f13f20000000eb000aff0700b8
:1071a000803e20005b190700f23f20008000eb00ca
:1071b0000000eb0004ff0700803e20005519070087
:1071c000022020000120200000202000fefe0700f9
:1071d000803e20004f1907000001eb008000eb000b
:1071e0000000eb00f8fe0700401f200049190700cf
:1071f0000080fa00000006000000fa00f03f2000c6
:107200008043880080438000000178000000200057
:10721000f10f20005cff0700803e20003d190700b1
:107220008043800000017800000028000100200059
:1072300055ff0700803e200036190700804380007c
:1072400000017800f00f2000010020004eff070031
:10725000803e20002f190700804380000001780045
:1072600000f02f00f10f200047ff0700803e2000b4
:10727000281907008043800000017800f0ff2f00ec
:107280000100200040ff0700803e20002119070078
:107290008043800000017800f00f2000f10f2000f3
:1072a00039ff0700803e20001a1907008043800044
:1072b00000017800f0ff2f00f10f200032ff0700df
:1072c000803e2000131907008043800000017800f1
:1072d00000502a00f10f20002bff0700803e200005
:1072e0000c1907008043800000017800000820008e
:1072f0000108200024ff0700803e20000519070038
:10730000804380000001780000f02f000100200081
:107310001dff0700803e2000fe180700804380000c
:10732000000178006000b80017ff0700401f200030
:10733000f81807000080fa00000006000000fa00bc
:107340008043800000017800f0ff2f00f10f200043
:107350000dff0700f03f200080438800804380003d
:1073600000017800f0ff2f00f10f200006ff07005a
:10737000803e2000e718070000302000804388008e
:107380008043800000017800f0ff2f00f10f200003
:10739000fdfe0700803e2000de18070000202000d0
:1073a000804388008043800000017800f0ff2f00b8
:1073b000f10f2000f4fe0700803e2000d5180700e2
:1073c0000010200080438800804380000001780086
:1073d000f0ff2f00f10f2000ebfe0700803e2000a1
:1073e000cc1807006006200080438800804380009e
:1073f00000017800f0ff2f00f10f2000e2fe0700ef
:10740000803e2000c3180700f03f20008043880022
:107410008043800000017800f0ff2f00f10f200072
:10742000d9fe0700803e2000ba180700f03f200078
:10743000804388008043800000017800000820001d
:1074400001082000d0fe07000020200080438800b3
:10745000804380000001780000082000010820001f
:10746000c9fe0700803e2000aa180700f03f200058
:1074700080438800804380000001780000082000dd
:1074800001082000c0fe0700803e2000a118070070
:1074900080438000000178006000b800bafe070059
:1074a000401f20009b1807000080fa000000060023
:1074b0000000fa0000102000804388008043800014
:1074c0000001780000002000f10f2000aefe070050
:1074d000c05d20008f1807000001eb008000eb006a
:1074e000f03f200038fe0700c05d2000891807002b
:1074f000804380000001780000002000f10f200090
:10750000a1fe0700c05d200082180700f03f2000a8
:107510008043880080438000000178000000200044
:10752000f10f200098fe0700c05d200079180700c9
:107530000001eb008000eb000000eb0022fe0700e2
:10754000401f2000731807000080fa0000000600aa
:107550000800fa00f03f200080438800804380004c
:1075600000017800f0ff2f000100200086fe0700d8
:107570000000eb00000f78000b0037009e00780041
:10758000814388008043800000017800f0ff2f00d5
:10759000010020007cfe0700400120005d1807006c
:1075a000010220001e8f4000f03f20009e00780066
:1075b000808f5000f1ff3600f03f20001007980048
:1075c0000c0037001e00900080438800804380003c
:1075d00000017800f0ff2f00010020006afe070084
:1075e000400120004b1807001e0090000002b1006f
:1075f000100798001e0090000000e000f1ff3d0021
:10760000f03f200080438800804380000001780024
:1076100000502a00f10f20005bfe07000000eb0085
:10762000200798000c003700ae00900081438800ce
:10763000804380000001780000502a00f10f2000f4
:1076400051fe070040012000321807002e00900074
:107650000002b00020079800ae009000f03f20002c
:10766000808f5000f0ff3600f03f20003007980078
:107670000c0037003e00900080438800804380006b
:107680000001780000502a00f10f20003efe0700a4
:10769000400120001f1807003e0090000002b100ca
:1076a000300798003e0090000000e000f1ff3d0030
:1076b000f03f200080438800804380000001780074
:1076c0006000b80030fe0700c0122000111807004b
:1076d0000080fa00000006000400fa00f03f2000dd
:1076e000804388000000eb00000f78005000370056
:1076f0000000eb0010079800480037001e007800db
:10770000e20f50001e003200e20f500005003c0066
:107710000000e0000a003200e10f50000f003200cc
:1077200039003700e40f500026003200e40f50000b
:107730001a003500e50f50002900320032003700f2
:1077400080438000800178000001eb009e009000e3
:10775000f03f2000b4fd07002b003700814380007c
:10776000f23f20001e0090000000510081017800cf
:107770000001eb00f13f2000abfd070022003700c5
:1077800080438000800178001e019000f13f2000be
:107790000000eb00a4fd07001b00370081438000c0
:1077a000f23f20001e00900000005100810178008f
:1077b000f23f2000800078000000eb009afd0700f7
:1077c000110037008043800080017800f23f2000e4
:1077d0008000eb001e00900093fd07000a003700b8
:1077e00081438000f23f20001e0090000000510005
:1077f00081017800000178008000eb00f03f20005c
:1078000089fd07000000000040012000c1170700ab
:107810001e0090000004b000100798009e00900029
:10782000f03f2000808f5000b4ff36001e0fe800ac
:107830001e007800e50f5000adff3400804380004b
:10784000800178000001eb008000eb000000eb00fd
:1078500075fd0700401f2000ae1707000080fa00ea
:10786000000006000000fa00f03f2000804388007e
:1078700080438000800178000001eb008000eb0075
:107880000000eb0068fd0700401f2000a117070063
:107890008043800080017800f23f2000f13f20000b
:1078a000f03f200060fd0700401f200099170700ef
:1078b0008043800000017800f0ff2f00f10f2000ce
:1078c000b1fd07008038210080438800804380009c
:1078d00000017800f0ff2f00f10f2000aafd070043
:1078e000401f20008b170700f03f200080438800d6
:1078f00080438000800178000001eb008000eb00f5
:107900000000eb0048fd0700401f20008117070022
:107910000080fa00000006000000fa00f03f20009e
:107920008043880080438000000178000000280028
:10793000f10f200094fd0700803e2000751707001e
:107940008043800000017800f00f20000108200033
:107950008dfd0700803e20006e17070080438000e9
:107960000001780000f82f000100200086fd0700cc
:10797000803e2000671707008043800000017800e8
:1079800000082000f10f20007ffd0700803e20004e
:1079900060170700804380000001780000f02f008e
:1079a0000108200078fd0700803e200059170700dd
:1079b00080438000000178000004240001042000be
:1079c00071fd0700803e20005217070080438000b1
:1079d0000001780000042c00010c20006afd070063
:1079e000803e20004b170700804380000001780094
:1079f0006000b80064fd0700401f20004517070025
:107a00000080fa00000006003800fa00f03f200075
:107a100080438800e4004700e2dd290019000900e6
:107a2000b2187800d0c0b300204798000040eb00a7
:107a3000004f7800150037000040eb001047980019
:107a40000d003700824380001e4090000080fb0044
:107a50004200dd00e4004700008040001000be004e
:107a600049fd0700c01220002a1707001e409000a1
:107a70000040e800104798009e4090002e40900083
:107a800080cf5000efff39001e4fe8001e40780005
:107a9000e14f5000e8ff360080438000000178008d
:107aa0006000b80038fd0700401f200019170700cc
:107ab0000080fa00000006000000fa00002020000c
:107ac000804388008043800000017800000020008f
:107ad000f10f20002cfd0700003220000d170700d9
:107ae0008043800000017800000028000100200091
:107af00025fd0700003220000617070080438000a4
:107b000000017800f00f2000010020001efd07009a
:107b100000322000ff16070080438000000178003b
:107b200000f02f00f10f200017fd070000322000a9
:107b3000f816070000102000804388008043800072
:107b40000001780000f02f00f10f20000efd07006b
:107b500000322000ef160700f03f2000804388002d
:107b6000804380000001780000f02f00f10f20001a
:107b700005fd070000322000e61607008043800064
:107b8000000178006000b800fffc0700f03f200013
:107b900080438800401f2000de1607000080fa00a6
:107ba000000006000000fa00103380000080a100f1
:107bb00010338800303380000080a100303388000b
:107bc000103380000090a100103388003033800013
:107bd0000090a100303388006206a9006226a90047
:107be0008ae6a900713f800000f82f000080600045
:107bf000d000b300703f8800713f8000f00f280074
:107c00008080600000e0200001007000703f88006c
:107c1000513f8000f00f28008080600000f02000bd
:107c200001007000503f8800f03f2000a011880044
:107c3000f03f2000f0118800f03f20004012880043
:107c400090118000f001b3009011880032e2a90089
:107c50008111800000c021000100700080118800a7
:107c60008111800080ff2f00008060006000b30061
:107c70008011880032c2a800e0118000f001b3003a
:107c8000e01188003ce2a900d111800000c0210071
:107c900001007000d0118800d111800080ff2f00fa
:107ca000008060006000b300d01188003cc2a800d2
:107cb00030128000f001b3003012880046e2a900c3
:107cc0002112800000c021000100700020128800f5
:107cd0002112800080ff2f00008060006000b30050
:107ce0002012880046c2a8003622ef004022ef0092
:107cf0004a22ef00f03f200080438800d3fc0700b9
:107d0000803e2000831607000efd0700803e200005
:107d10008016070038fd0700803e20007d16070012
:107d200086fd0700803e20007a160700e0fd070070
:107d3000803e20007716070005fe0700803e2000e9
:107d40007416070064fe0700803e200071160700cd
:107d5000c4fe0700803e20006e160700eefe0700fe
:107d6000803e20006b16070027ff0700803e2000a2
:107d70006816070050ff0700803e200065160700c8
:107d800080bb200063160700dcff37000200fa000a
:107d9000004f7800114798009e80fb001e40900025
:107da0000080fb000088de00004078006140600039
:107db0000080fa00000006000800fa0050c3b3007b
:107dc00030479800b0c1b300404798003e40900053
:107dd0000080fb000106200000805000cf00de0084
:107de000008040000080d1000040780044e8b700e7
:107df00040c1b30045e8b7000040eb00004f7800f9
:107e0000310037000040eb00104798002a0037008f
:107e10001e80fb000000d100004078004201dd0020
:107e20001e4078006900b90000007800004078002a
:107e30008040410044c8bf0000c040005047980047
:107e40001e4090006900b900000078008040780072
:107e500045c8bf0000c04000604798009e80fb00fe
:107e60001e4090000080fb00c208dd000080400042
:107e7000d1ae20000000400000804000de409000b5
:107e8000014878009e80fb001e4090000080fb00af
:107e9000c208dd0000804000e1ae2000000040008c
:107ea000008040006e419000024878001e40900023
:107eb0000040e800104798001e409000e34f50003b
:107ec000d3ff36001e4fe8001e407800e54f5000fb
:107ed000ccff360044c8bf00e440400060ae200044
:107ee0000148780044c8bf00fa40400070ae20004e
:107ef0000148780044c8bf0002c3b300824040007c
:107f000080ae200001487800518420009140780024
:107f10004e40900000c040007040400046e8b7006e
:107f20000040eb00204798000e0037002e409000e4
:107f30000081fb002e4090006900b900000078002d
:107f40008040780045c8bf0000c04000e4405000b9
:107f500090ae2000017079002e4090000040e800b3
:107f6000204798002e409000e34f5000efff36006e
:107f70000080fa00000006000800fa002047980080
:107f800031479800424798003307980020c0b3005b
:107f9000004f78003e4090001e4040008041e800c5
:107fa0002e4090001e4040000041e8003e409000fe
:107fb0001e4050008040e9002e4090001e405000be
:107fc0000040e900640e2200f0f907004e409000e6
:107fd0000004e00006003200be0190001e4178005f
:107fe000be4090002e40900058f807000600370071
:107ff00004b9260013c0b3001e417800be409000b3
:108000002e409000daf807000080fa000000060019
:108010000a00fa00600e2200e907070066ff070069
:108020000040eb00004f7800170037001e4078003a
:108030000004e000070032001e407800e14f5000cd
:1080400002003a0020e529000100370040e5290040
:108050000100370060e529000001780061842000fc
:10806000914078001e80fb0063ae200063407800e2
:10807000e5eb2c000202780013c0b30012c0b3007d
:1080800048fa07001e4fe8001e407800e24f5000fb
:10809000e6ff36000040eb0010479800170037005d
:1080a000b14380001e4090000080fb000080400033
:1080b00010407800004f98000040eb00104f9800ef
:1080c0001e4090000080fb0091ae200061407800cf
:1080d000e8004700e5eb2c000102780013c0b30074
:1080e00012c0b3008040780020c0b3002dfa070012
:1080f0001e4090000040e800104798001e4090008d
:10810000e34f5000e6ff360050af200010407800eb
:108110008080fb00d0af2000104078000080fb0082
:1081200000804000cf00de00008040000080d100d1
:108130004047980050b02000104078008080fb003d
:10814000d0b02000104078000080fb00008040008c
:10815000cf00de00008040000080d1005047980032
:1081600000af2000904078006147980020af2000c9
:10817000904078007147980003b9260012c0b30000
:10818000ee4090004e409000f0f7070003b9260043
:1081900012c0b300fe4090004e409000ebf7070085
:1081a00003b9260012c0b300ee4090005e4090007c
:1081b000e6f7070003b9260012c0b300fe409000a6
:1081c0005e409000e1f707000040eb002047980078
:1081d000220037000040eb003047980019003700bc
:1081e0002e4090008080fb003e4090000080fb000d
:1081f000c208dd000080400000004000e1ae200029
:10820000e14078002e4090000081fb003e4090004d
:108210000080fb004211dd00000041000000400032
:10822000d2ae20006240780004b9260013c0b3002b
:1082300022c0b3004ef807003e4090000040e80026
:10824000304798003e409000e34f5000e4ff360076
:108250002e4090000040e800204798002e409000fb
:10826000e54f5000dbff3600320020008000eb00bd
:10827000e0b12000e7e3070000b2200031c6b30000
:1082800001487800100020004042880022002000b1
:108290008000eb0020b22000dee307000080fa003f
:1082a000000006000000fa0059ff07000080fa00f5
:1082b000000006001e00fa00331407002007980093
:1082c0002e009000900078006107980020419000f7
:1082d000624f98002e009000b00090004042800055
:1082e000808f50000500320049ff07002e009000eb
:1082f0003000900040428800ed003700ce489000ea
:10830000014f7800e0b1200010417800124798003a
:108310002e009000300090000000e00009003a00bc
:108320004e489000fb004700a80b0700004f780064
:10833000e0b1200010407800fc004700a30b0700cc
:10834000104798009e80fb00d0cc2c000008b8009d
:108350004308de00804378001e81fb00d0cc2c0057
:108360000010b8004308de006a00b9000000780081
:1083700000005100004378005e4890008080fb00c0
:10838000d0cc2c000008b8004308de008042780002
:108390005e4890000081fb00d0cc2c000010b8009b
:1083a0004308de006a00b9000000780000005100b8
:1083b000004278006e4890008080fb00d0cc2c00fa
:1083c0000008b8004308de00804178006e48900045
:1083d0000081fb00d0cc2c000010b8004308de0068
:1083e0006a00b900000078000000510000407800e9
:1083f000774f980006579800155798002457980013
:1084000033579800405798001e4090008080fb0032
:10841000d0cc2c000008b8004308de008043780070
:108420001e4090000081fb00d0cc2c000010b80052
:108430004308de006a00b900000078000000510027
:1084400000437800f0b12000104078008080fb00ed
:10845000d0cc2c000008b8004308de008042780031
:10846000f0b12000104078000081fb00d0cc2c003f
:108470000010b8004308de006a00b9000000780070
:10848000000051000042780000b220001040780047
:108490008080fb00d0cc2c000008b8004308de0030
:1084a0008041780000b22000104078000081fb007d
:1084b000d0cc2c000010b8004308de006a00b900e0
:1084c00000007800000051000040780057579800e5
:1084d0006657980075579800045f9800135f9800de
:1084e000205f98000040eb002047980055003700bf
:1084f0002e4090000080fb0000004700f0489000f4
:108500002e4090000080fb0000004700505090007b
:1085100080cf5000470032000040eb003047980009
:108520004000370031c0b3003e40900080c0500092
:108530002e4090000080fb00000047007048900033
:1085400012fe07000080fb000000ea004f00de0082
:108550006047980031c0b3003e40900080c050009a
:108560002e4090000080fb0000004700505090001b
:1085700006fe07000080fb000000ea004f00de005e
:1085800070479800ee4090007e40900080cf5000f1
:10859000200032002e4090008080fb003e40900082
:1085a0000080fb00c208dd000080400000004000a9
:1085b000d1ae200061417800024f98002e4090001b
:1085c0008080fb003e4090000080fb00c208dd0080
:1085d0000080400000004000e1ae200061417800d2
:1085e000124f98002e4090000080fb008000400059
:1085f00060e42900008040001000780080017800cd
:108600006e4190009e4890000e4890005afe070070
:1086100001003700000000003e4090000040e800ec
:10862000304798003e409000e34f5000bdff3600b9
:1086300001003700000000002e4090000040e800dc
:10864000204798002e409000e54f5000a8ff3600cc
:10865000ee009000f158880000b220006e499000b2
:1086600002487800e0c1b300204f98002e489000e7
:108670000080fb000106200000805000cf00de00db
:10868000008040000080d100304f98002e00900004
:1086900063004000650e220004b9260023b22000ca
:1086a0000001780021c5b3003e489000c50e0700c8
:1086b0000080fa00000006000c00fa004047980015
:1086c000514798006247980043079800244f98004c
:1086d000354f98004e4090000080fb00801f7800ce
:1086e00080e52900801f78000e007800bce20700ba
:1086f000e48757000e007800ce0290000002780058
:10870000be4990002e499000ee4090005e409000df
:10871000a4f807000080fa00000006000a00fa0032
:1087200060479800410798006e4090008080fb00f1
:108730000e80e800811f780081e52900811f780004
:10874000a7e20700e4875700c0c0b300004f7800dd
:108750001e80fb000106200000805000cf00de00dc
:10876000008040000080d100104798000e80e80093
:10877000ce0290000002780013c0b30012c0b30014
:1087800081c3b3001e40900086f807000080fa0005
:10879000000006000600fa00204798002107980014
:1087a000c0c0b300004f78001e80fb00010620000f
:1087b00000805000cf00de00008040000080d1002b
:1087c000104798002e4090000004e00002003200a4
:1087d000d0e529000100370000e62900ae02900034
:1087e0000002780013c0b30012c0b30061c0b30030
:1087f0001e4090006bf807000080fa0000000600a1
:108800000000fa0000c5b3000080fa000000060076
:108810000000fa00600e2200e90507003200200087
:108820008000eb0060bc20007ae2070022002000fc
:108830008000eb00a0bc200076e2070080bc200096
:1088400080c0eb0001487800100020001043880031
:108850006068ef000080fa00000006000c00fa00db
:10886000600e2200d6050700c71207001007980007
:108870001e009000104f78000040eb00304f980031
:108880001e009000300090000000e00005003a005b
:108890006b004700800078001e4078004b0a0700fc
:1088a000004f7800d6ff0700404798004e409000e8
:1088b0000080fb000106200000805000cf00de0099
:1088c000008040000080d10050479800de409000ba
:1088d000614798006e4090000042b00070479800d9
:1088e0007e40900070404000004f980045c0b300ab
:1088f00034c0b300e3d9280022c1b300ee40900099
:108900001e4078006cff070030e62900e5d92800fa
:108910000002780043c0b30032c0b30021c1b300ed
:108920007e4090001ff807001e009000104090004d
:1089300045c0b30034c0b300e3d9280022c1b3005e
:108940008e4890005cff07001e00900020409000c1
:1089500001b9260071ff0700a0bc20008040eb0099
:1089600001487800e0c1b300104f98001e48900005
:108970000080fb000106200000805000cf00de00d8
:10898000008040000080d100204f98001e00900021
:1089900063004000650e220004b92600a3bc20003d
:1089a00000017800c1c4b3002e489000050e0700f6
:1089b0001e009000300090000000e00003003a002c
:1089c0003e489000e1d32c0072ff07001e0090008b
:1089d000604890000042780053c0b30052c0b3001a
:1089e00051c0b30080c5b300890d07001e00900080
:1089f00010017800325e880081bc20002041900088
:108a0000824878001e009000a1bc200030419000f8
:108a100082487800b1bc2000404190008248780034
:108a20001e0090006048900060e8b7001e009000b3
:108a300030009000104388000080fa00000006001b
:108a40001600fa0050120700200798002e00900030
:108a5000ef004700904878008100e8000000e8003f
:108a6000904878008100e8000000e8009048780015
:108a70008100e8000000e8002e009000b040900067
:108a800021579800c0409000315798000040eb00fb
:108a9000004f78000040eb0040579800fe489000df
:108aa000114798002e009000300090000000e00078
:108ab00004003a007e489000f4004700c309070014
:108ac000104798002e009000b000900010438000e6
:108ad000808f50000200320060ff0700a7003700bf
:108ae0009e50900080bc20001040780080cf500045
:108af0000700320080bc200010407800610e220088
:108b000006ff07001e50900001b9260003ff070072
:108b10003bff0700604798006e4090000080fb001c
:108b20000106200000805000cf00de0000804000e1
:108b30000080d10070479800fe409000014f9800df
:108b40000e4890000042b000104f98001e48900060
:108b500070404000204f98008e50900070bc200064
:108b60001040780080cf50001100320070bc20000f
:108b70001040780045c0b30034c0b300630e22003b
:108b800022c1b300ae489000cbfe07000e5090000b
:108b900045c0b30034c0b300e3d9280022c1b300fc
:108ba000ae489000c4fe070010c0b300004f78002c
:108bb00060bc200090407800214798000040eb0006
:108bc000505798002e009000300090000000e00008
:108bd00019003a0060bc200010407800f500470002
:108be0007a090700204798009e4090002e40900090
:108bf00080cf50000200320010c0b300004f780058
:108c0000ce5090005e50900080cf50001100320096
:108c10004e5090000004a2000080fb00004078004d
:108c2000610e2200dbfe07004e509000e1d32c00c5
:108c3000d8fe070007003700fe48900060bc200007
:108c40001040780080cf50000200320010c0b30006
:108c5000004f78001e4078000004e0001f00320042
:108c60002e009000300090000000e0000300320071
:108c700060bc200010407800010037002e409000ba
:108c8000304f98002e009000300090000000e0006f
:108c9000020032007e489000010037001e40900024
:108ca000404f980045c0b30034c0b300630e2200ab
:108cb00022c1b3008e4890003e4890007efe07001f
:108cc00045c0b30034c0b300e3d9280022c1b300cb
:108cd0008e4890004e48900077fe0700e0c1b30038
:108ce000504f98005e4890000080fb000106200075
:108cf00000805000cf00de00008040000080d100e6
:108d0000604f980072004700650e220004b92600eb
:108d1000a3bc200000017800c1c4b3006e489000dd
:108d2000280d07002e009000604890000042780057
:108d300053c0b30052c0b30051c0b30080c5b300ec
:108d4000b30c07006f00470061bc2000904878001a
:108d50008100e8000000e800904878008100e80009
:108d60000000e800904878008100e8000000e8007a
:108d70002e00900030009000104388000080fa0020
:108d8000000006001400fa0050079800414f9800b8
:108d9000524f980073079800040f9800150f980021
:108da000de4890004e48900080cf500008003e0002
:108db0001e089000ce489000014878000e089000f0
:108dc0005e019000020878004e4890008a0037004b
:108dd000de4890004e48900000c050000040e8007f
:108de000104798001e4090000080fb0001402000ca
:108df00000017800110009008200d80010079800d7
:108e0000de0090001e0090000001780011000900b3
:108e10008280d800004f78001e4090009e4078006d
:108e200080cf5000020039001e409000004fe90042
:108e30004e4890001e4f40000e0890001000780031
:108e4000e10f400007003a000e089000de0090009d
:108e5000010878001e0890001e4878001e40780027
:108e6000650037001e089000104078009e4f5000ab
:108e700006003a000e0890005e019000020878009b
:108e80001e089000104078005b0037001e0890001c
:108e9000904078004e48900000c050004047980035
:108ea0009e4078004e48900000c050005047980007
:108eb000de4090004e40900080cf5000070036000a
:108ec0005e4090008080fb004e4090000080fb00e0
:108ed00000805000e10f50000b003c00ce4090009d
:108ee0005e40900080cf50000e0036004e40900053
:108ef0008080fb005e4090000080fb0000805000fe
:108f0000e10f5000070034001e0890001e48780052
:108f10000e089000de009000010878001e407800e6
:108f2000350037004e4090008080fb001e0090000e
:108f30000088b90000007800300798004e4090008b
:108f40000080fb000000e800800078001e00900018
:108f50000088b900000078000000e9004007980090
:108f6000de0090007e009000808040003e00900077
:108f7000808f50000b0031001e0890009040780058
:108f80004e48900080cf5000060036001e0890002a
:108f9000104078008040e9001e08900001487800e9
:108fa00010003700ce0090007e00900080804000ce
:108fb0005e009000808f50000a0031001e08900073
:108fc000904078005e48900080cf5000050031004e
:108fd0001e089000104078008040e8001e089000b5
:108fe000014878000e0890005e01900002087800a9
:108ff0001e089000104078000080fa000000060073
:109000000e00fa0010079800414798005247980058
:1090100033079800440798005507980066079800a2
:109020004e0090000000e000060032005e0090005c
:109030000000e000030032006e0090000000e0003d
:1090400002003a000040eb0011003700de02900001
:109050004e029000be0190005e419000ce40900014
:109060001e00900047ff0700004f78006e00900040
:10907000104078009e4f5000040032006e009000b7
:109080001e48780010c0b300010037000040eb001c
:109090000080fa00000006000200fa00000f7800cd
:1090a0001e0078000000e000190032001e00780069
:1090b000500090000000e000040032001e00780024
:1090c0005000900080c0eb00014878001e0078003e
:1090d000600090000000e000040032001e007800f4
:1090e000600090008040eb00014878001e0078008e
:1090f000700090000000e000060032001e007800c2
:10910000700090008080eb000108780001003700bb
:10911000000000000080fa00000006000400fa00d1
:10912000100798001e0090000000e00030003200a0
:109130001e009000100090000000e0002e003200a1
:109140001e009000300090000000e0002c00320073
:109150001e009000300090000000010010479800b1
:109160000040eb00004f78000c0037001e0090001c
:10917000100190001e4090001e4068000080fb001f
:109180000000e9004f00de000040780080407800d9
:109190001e407800020001001e4fe8001e009000f3
:1091a000104078009e4f5000f0ff3e001e009000df
:1091b000200090000000e000040032001e0090003b
:1091c000a00090001e409000010001001e009000d1
:1091d000500090000000e0000a0032001e009000e5
:1091e000500090009e409000014878000500370034
:1091f00000000000030037000000000001003700fd
:10920000000000000080fa00000006000400fa00e0
:10921000100798001e0090000000e00032003200ad
:109220001e009000100090000000e00030003200ae
:109230001e009000300090000000e0002e00320080
:109240001e009000500090000000e0002c00320052
:109250001e0090003000900000000100004f7800d8
:109260001e00900050009000104078009e4f50006b
:10927000250032001e009000500090001040780041
:10928000e14f4000070032001e00900010019000e6
:109290001e00900050009000104078008040eb00cd
:1092a000020001001e0090001001900011c0b300e8
:1092b0001e407800020001001e0090002000900077
:1092c0000000e000040032001e009000a0009000aa
:1092d0001e407800010001001e0090005000900028
:1092e0001e48780009003700000000000700370022
:1092f00000000000050037000000000003003700f8
:109300000000000001003700000000000080fa00ab
:10931000000006000800fa001007980021079800d6
:10932000320798001e0090000000e000100032009c
:109330001e009000300090000000e0000c003200a1
:109340001e009000400090000000e0000800320085
:109350001e009000700090000000e0000400320049
:109360001e009000600090000000e00002003a0043
:109370000040eb001d0037001e0090003000900000
:1093800000000100004f78001e0090006001900076
:109390001e009000f00090001e0090001040780029
:1093a0000040e9008202780001027800be019000ce
:1093b000004178008040eb002e00900071fe070015
:1093c000104798001e4090009e4f5000060032004b
:1093d0001e009000c00090001e409000010001009f
:1093e00010c0b300010037000040eb000080fa001d
:1093f000000006000200fa00000f78001e0078004e
:1094000011002000310898001e007800405890009c
:109410008080fb00c00320000088b90000007800b5
:10942000800078001e007800410898001e00780037
:109430008040eb00315898000080fa0000000600e0
:109440000200fa00000f78001e007800a05890007b
:109450001e0078007058900080cf50001000390036
:109460001e00780031002000310898001e007800ae
:10947000605890008080fb00c00320000088b90085
:1094800000007800800078001e00780041089800f5
:109490001e0078008040eb00215898000c00370037
:1094a0001e00780021002000310898001e0078007e
:1094b000505890008080fb00c00320000088b90055
:1094c00000007800800078001e00780041089800b5
:1094d0001e0078008040eb00315898000080fa00b0
:1094e000000006000c00fa003007980041079800c1
:1094f0005207980000c5b300004f780080c0b30049
:109500001047980080c0b3002047980000c5b30002
:1095100030479800be4090001e40900000c04000c0
:109520008041e8002e4090001e4040000041e800cd
:109530003e4090008040e9002e4090000040e9004d
:1095400004b9260091f407009e80fb004e009000b5
:109550000088b900800078005e009000000178006b
:10956000110009008280d800404798004e409000ca
:109570000004e0000c003200be4090001e4090004d
:1095800080c040002e4190004e40900000404100bd
:1095900044712a008141780000417800be4090006b
:1095a0002e40900079f407000080fa0000000600c9
:1095b0000800fa0020079800614798000040eb007f
:1095c000004f7800190037001e4078007400b90081
:1095d00000007800004078006a4040001047980082
:1095e000a0c0b300204798006e4090009e407800d5
:1095f00080cf50000600310043452f0052c0b30019
:10960000ae4090001e409000d0f2070006003700e8
:1096100004b9260013c0b30052c0b300ae4090009e
:109620001e40900052f307001e4fe8002e009000ed
:10963000705890009e4f5000e3ff3e000080fa00fb
:10964000000006000200fa004f0f0700000f78002c
:109650001e0078008000eb00310898001e007800a2
:10966000405890008080fb00c00320000088b900b3
:1096700000007800800078001e0078004108980003
:109680001e0078008040eb00215898001e007800f2
:109690008040eb00315898000080fa00000006007e
:1096a0000200fa00380f0700000f78001e00780053
:1096b000300890000000e00003003a001e0078002f
:1096c0004cff0700030037001e0078008040eb00cd
:1096d000315898000080fa00000006000200fa00ed
:1096e000290f0700000f78001e00780011c0b3009a
:1096f000315898000080fa00000006000000fa00cf
:10970000d0ff07000080fa00000006000200fa0007
:109710001d0f0700000f78001e00780030589000e1
:109720000004e00023003a001e007800300890009a
:109730000000e000210032001e0078004008900088
:109740000000e000050032001e0078004008900094
:109750008000e9001e007800410898001e00780093
:10976000400890000000e0000e003a001e00780063
:1097700030089000e10f500008003a001e00780009
:10978000205890008040e8001e0078002158980082
:109790001e0078002aff0700020037001e00780034
:1097a00014ff07001e00780011c0b300016098008c
:1097b0000300370000000000010037000000000037
:1097c0000080fa00000006001200fa00ee0e07000a
:1097d00030079800600e2200f90107003e0090005b
:1097e00020589000804078003e00900070ff0700f5
:1097f0003e00900030089000e20f50001000320050
:10980000e30f50001a003200e10f500024003a002c
:1098100020e12900000f780040452f001007980034
:109820003e009000405890008080fb00c003200064
:109830000088b90000007800200798002400370055
:1098400070e12900000f780040712a00100798008d
:109850003e009000505890008080fb00c003200024
:109860000088b90000007800200798001800370031
:10987000d0e12900000f780040712a0010079800fd
:109880003e009000605890008080fb00c0032000e4
:109890000088b90000007800200798000c0037000d
:1098a00080e22900000f780000b926001007980018
:1098b0003e009000405890008080fb00c0032000d4
:1098c0000088b90000007800200798000000000020
:1098d0001e0078009e0290000002780013c0b300c2
:1098e00022c0b30091c1b300e0c1b3002df4070062
:1098f0003e009000c0089000908828000008b80042
:109900004508de00400798003e00900040099000a6
:10991000908828000010b800c508de00c0032000b1
:109920000088b9000000780000005100500798003e
:109930006c004700de009000811f7800ce00900090
:10994000811f7800e1e22900811f780024de0700f2
:10995000e68757006c004700e5d928000002780030
:1099600033c0b30032c0b300d1c2b30040c1b300b2
:109970000cf407003e009000400890002e0190007b
:10998000800078003e009000d6fe07003e00900068
:10999000305890000004e0000800320080e3290005
:1099a000f55f2b000002780013c0b30012c0b300b3
:1099b00061c4b30030c2b300faf307000080fa00bc
:1099c000000006000400fa00204798003147980084
:1099d0006d0e0700000f78003e4090000004e0008c
:1099e0000200320045ff07000e0037002e409000b5
:1099f0000004e0000b0032001e0078003058900098
:109a00000004e00004003a001e00780030089000d6
:109a10000000e00002003a0021ff070001003700cb
:109a20002eff07000080fa00000006000200fa0086
:109a3000000f7800c00520009e007800808f500045
:109a400004003200d00520009e007800808f500076
:109a500009003a00c00520009e007800808f500069
:109a600002003a0010c0b3000100370020c0b3006c
:109a700050e8b700010037005068ef000080fa009e
:109a8000000006000200fa00004f7800114798001d
:109a9000090107000004a2000004e00002003200f7
:109aa0000080eb000c0037001e407800a20c07007d
:109ab000004f78001e4090009f0c07001047980050
:109ac000890c07001e80fb00c800dd001e409000ce
:109ad0000080fb00010070000080fa00000006001a
:109ae0000200fa0020c3b300004f780012c0b30098
:109af0008e007800000a20006600070000c2b30054
:109b0000004f780012c0b3008e007800100a2000c9
:109b1000600007000080fa00000006000000fa0064
:109b20000041eb008000eb00c00520005900070059
:109b30008f26a9008e66a8000080fa0000000600ab
:109b40000000fa000041eb008000eb00d00520008f
:109b5000500007008f26a9008e66a8000080fa003a
:109b6000000006000800fa000001780031079800a4
:109b70003e0090004800de00004f78003e0090005c
:109b8000104798001e80fb004300de000040780074
:109b9000204798001e80fb00670060004300dd0046
:109ba000804078001e4090000080fb004500de00f1
:109bb0000040780000c07000304798001e409000c0
:109bc0007f406000404798000e80e80082007800e7
:109bd000904878008100e8000000e8009048780094
:109be0008100e8000000e800904878008100e8006b
:109bf0000000e800020078000080fa000000060083
:109c00000600fa0020479800314798004247980024
:109c10002e4090007f406000204798003e4090001a
:109c2000f043b200304798004e4090007f40600003
:109c3000404798002e4090000080fb004300dd006c
:109c4000804078003e4090000080fb004300de0032
:109c50000040780000c07000004f78003e40900047
:109c60000080fb004500dd00804078004e40900001
:109c700000c07000104798001e80fb00c800dd0087
:109c80001e4090000080fb00010070000080fa0080
:109c9000000006000600fa00000f78001107980087
:109ca00042479800840007000004a2000004e0007e
:109cb00014003a008f26a9008e66a9001e007800c5
:109cc000004078001c0c07004e4090000004e000ab
:109cd000070032008e66a8004e4090000080fb0016
:109ce000800078001e009000390c07008e66a900e5
:109cf0008f26a800fc0b07001e0078004bff070012
:109d000001003700000000000080fa00000006009b
:109d10000400fa0020479800314798002e40900038
:109d2000f1c5b300814f500001003600f0c5b3000b
:109d3000004f78003e409000f1c5b300814f5000c5
:109d400001003600f0c5b3001047980022c0b300f0
:109d50008e00780050072000ceff07000080fa0038
:109d6000000006000400fa002047980031479800e0
:109d70002e409000f1c5b300814f50000100360025
:109d8000f0c5b300204798003e409000f1c5b300f5
:109d9000814f500001003600f0c5b30030479800f5
:109da0002e40900070404000004f78003e409000f0
:109db000704040001047980022c0b3008e00780029
:109dc00050012000b3ff07000080fa0000000600e9
:109dd0000200fa00004f78001e4078000004e00006
:109de00002003200e00a200001003700f00a2000e3
:109df0000041eb008000eb00a6ff07000080fa00a6
:109e0000000006000000fa0050c8bf00e24f5000fa
:109e1000010032004aff070050c8bf00e24f500067
:109e2000020032000080eb000300370080c0eb002e
:109e300000c0eb0013ff07000080fa0000000600de
:109e40000400fa00004f780011479800224798005c
:109e50002e4190009e4090001e40780068ff070051
:109e6000020007000080fa00000006000200fa006d
:109e7000000f780050c8bf00e14f500001003200d1
:109e800026ff070050c8bf00e14f500007003a000e
:109e90001e007800804078001e0078004800de0038
:109ea00000407800f7fe07000100370000000000c6
:109eb0000080fa00000006000000fa008e0b070088
:109ec0000080fa00000006000000fa0063a6a90066
:109ed00077a6a90077e6a9008a26a9008a66a900c4
:109ee0008b06a9008b26a9008f06a90067a6a800eb
:109ef0008e26a90010002000060e070067a6a90004
:109f000020002000140e070067a6a8008f06a800f6
:109f100010002000ff0d07000040eb00acff070021
:109f2000800c2000fb0d0700f1c5b3000040eb00e2
:109f30008cff0700f1c5b3000040eb0074ff070081
:109f4000e7fe07000080fa00000006000200fa00a9
:109f500001c6b3000040eb0082ff070001c6b3005a
:109f60000040eb006aff07000040eb00004f780064
:109f70000d0037000040eb00104798000500370047
:109f800090428000b9ff07001e4090000040e800aa
:109f9000104798009e409000f0c5b30080cf50005d
:109fa000f7ff36001e4fe800f0c5b3009e40780072
:109fb00080cf5000efff36000080fa00000006005e
:109fc0000200fa00000f78009e007800914288009d
:109fd000deff07000080fa00000006000000fa0023
:109fe000904280000080fa00000006000200fa00a3
:109ff000000f78001e0078000000e000070032002b
:10a000001e0078001001be00525c8800635c88006e
:10a01000a0019000735c880006003700006a2800e9
:10a0200011002000505c8800615c88002003200043
:10a03000705c880000b92000c05c880000b9200076
:10a04000b05c8800d05c80000010a000d05c88006c
:10a05000d05c80000000a100d05c8800b0b9200076
:10a060008040eb00014878009be4a9009e24ef00ab
:10a070009a24ef009c24ef00525c8000635c800017
:10a0800000a8210061002000800f5100818f59003d
:10a090000b0036009b24a800505c8000615c8000af
:10a0a0000001be0000902000d103200065da070007
:10a0b000000078000000e900c02488000a00370092
:10a0c0009b24a900505c8000615c80000001be0000
:10a0d00000902000d10320005ada07000000780029
:10a0e0000000e900c02488009be4a8008a20a900a1
:10a0f0009a20a8000080fa00000006000000fa0084
:10a1000030418000660040003041880024c8bf0014
:10a110000040e90024e8b70024c8bf000004e000c4
:10a1200003003a0040002000104188000200370080
:10a1300010002000104188000080fa000000060096
:10a140000200fa00000f78009a44a8004041800005
:10a150000000e00007003200404180002000900035
:10a160000000e00003003200404180002000900029
:10a170001e0878002228ef000080fa000000060088
:10a180000600fa00004f7800110798002207980097
:10a19000d05c8000610060000000e00023003a0015
:10a1a0002e0090001100200001087800b05c8000b3
:10a1b0009e00900011009800b05c80001e4878005e
:10a1c000b05c8000ae00900021009800b05c800080
:10a1d00066004000b05c8800b15c800060b920007f
:10a1e000808f500002003a0000b92000b05c880067
:10a1f000d05c80000010a100d05c8800c15c8000b1
:10a20000b05c8000808f500003003a00d05c80007a
:10a210000000a000d05c8800104180000000e00039
:10a2200005003a008a20a800030037002e009000a5
:10a230008000eb00010878000080fa0000000600b2
:10a240000800fa00000f78001107980042479800b4
:10a25000330798003e009000000040008000780026
:10a260001e007800010878001e00780010007800b9
:10a27000800078000100a0001e007800010878002e
:10a280001e007800ce409000214098001e0078000b
:10a290009e009000210098000080fa000000060057
:10a2a0000800fa00000f7800110798004247980054
:10a2b000330798003e0090000000400080007800c6
:10a2c0001e007800010878001e007800ce40900043
:10a2d000214098001e0078009e0090002100980008
:10a2e0000080fa00000006000600fa00200798002f
:10a2f000705c80008000eb00008fbe00140037000f
:10a30000f124800000402000008060000000e00098
:10a31000030032009f44a9003000200025003700d0
:10a320001e00be00e00f5000e08f580002003a000f
:10a33000200020001f00370010002000f50c07004f
:10a340000081eb008081eb001e0f41005e97490009
:10a350002e00900010007800e10f5000e8ff32005e
:10a360002e00900010007800e50f500007003e001e
:10a37000e40f50000a003100e20f500006003200e6
:10a38000e30f50000800320009003700e60f5000cc
:10a3900005003200060037000000eb000500370022
:10a3a00010002000030037003000200001003700bb
:10a3b000300020000080fa00000006000e00fa00c5
:10a3c000204f9800314f9800424f9800be489000af
:10a3d000014f7800ce489000114798002e48900019
:10a3e0008080fb000e80e8008101780022c0b3006d
:10a3f0008e007800aaff0700e80047000e80e80002
:10a40000010178008000780010c0b3005cff0700f5
:10a4100068004700b4ff07000080fa000000060053
:10a420001600fa000057980011579800120f980074
:10a43000435798009e509000014f78000e509000b6
:10a440008080fb000e80e8008101780012c0b3001c
:10a450008e00780092ff07000e5090008080fb0075
:10a460000e80e80066004000810178004e519000a7
:10a470009e08900072ff0700ee0047000e80e80083
:10a48000010178008000780020c0b3003cff070085
:10a490006e00470094ff07000080fa0000000600ed
:10a4a0000400fa00004f7800114798001207980046
:10a4b00013c0b3001e0190009e4090001e40780023
:10a4c000d7ff07000080fa00000006000200fa0033
:10a4d000004f780010c0b3009e407800efcf5000ce
:10a4e000010036000040eb000080fa00000006008a
:10a4f0000200fa00004f78001e407800ef4f500035
:10a500000e003e001e80fb00110020000008dd0050
:10a5100080007800b033800001007000b033880004
:10a520001e80fb00110020000008dd008000780084
:10a53000f033800001007000f03388000080fa00e2
:10a54000000006000200fa00000f78001e007800ec
:10a550000000e00002003a00e0ff2f005800370042
:10a560001e00780010407800d8ff07000004a20009
:10a570000004e00002003200e0ff2f00500037002e
:10a580001e00780061bb2000b0187800a010780091
:10a59000e480400064004000b0187800a01078000b
:10a5a000e480400064004000900878008180e8006a
:10a5b0000080e80047e7a9001e00780010407800fe
:10a5c000cbff0700613a8000f0f12f0000806000af
:10a5d000603a88001e007800104078007f406000dc
:10a5e0000080fb007f006000623a800001fe2f00c7
:10a5f0008100610001007000603a8800313a8000fb
:10a60000f0f02f0080806000000720000100700043
:10a61000303a88004647a9001e00780020009000cc
:10a62000e10f500006003a00313a8000f0cf2f00d1
:10a63000008060000090a000303a880004003700dd
:10a64000313a8000f0cf2f0000806000303a88005f
:10a650001e007800100090000000e00002003a00a8
:10a660004747a900010037004747a8004827ef00e7
:10a670004be7a9001e0078003000900000407800f1
:10a680007f4060000080fb007f0060004800dd002c
:10a69000523a8000f10f2e0081006100010070002d
:10a6a000503a88001e007800004890004ae7b70042
:10a6b00047e7a80010c0b3006ee8b7000000eb0049
:10a6c0000080fa00000006000200fa00004f780047
:10a6d0006ec8bf000004a2000004e00002003200c7
:10a6e0000080eb00170037001e40780077ff07005e
:10a6f0000004a2000004e00002003200e0ff2f008e
:10a700001000370047e7a9001e40780078ff0700d7
:10a710009e4078007fc060000080fb007f006000ea
:10a72000623a800001fe2f0081006100010070008c
:10a73000603a880060bb20001e48780047e7a80008
:10a740000000eb000080fa00000006000400fa00a0
:10a75000100798006ec8bf000004a2000004e000cb
:10a76000020032000080eb001d0037001e00900048
:10a770000000e00002003a00e0ff2f001800370060
:10a780004627a800a0002000f30b07004627a900d9
:10a7900000712200000f7800010037001e0fe90051
:10a7a000303a8000610060000000e00003003a00e1
:10a7b0001e0078000000e000f8ff3a001e0078005c
:10a7c0000000e00002003a00d0ff2f000400370034
:10a7d000913880001e009000010878000000eb0016
:10a7e0000080fa00000006000600fa00200798002a
:10a7f0006ec8bf000004a2000004e00002003200a6
:10a800000080eb003a0037002e0090000000e000ce
:10a8100002003a00e0ff2f00350037000e80e8000c
:10a82000caff0700000f78001e0078000000e0005b
:10a83000020032001e0078002d003700c05d80004d
:10a840000000e00015003a00d05d8000e10f5000ec
:10a8500009003a001e0090008000eb0077d8070046
:10a8600002f02f00f377240089d807002e01900012
:10a870000089be001d0037001e0090008000eb0024
:10a880006ed8070002002c00f347240080d8070090
:10a890002e0190000089be0014003700d05d8000ba
:10a8a000e10f500009003a001e0090008000eb000c
:10a8b00062d8070002f02f00f377240074d8070055
:10a8c0002e0190000089be00080037001e00900095
:10a8d0008000eb0059d8070002002f00f357240036
:10a8e0006bd807002e0190000089be000000eb002d
:10a8f0000080fa00000006000000fa006ec8bf00e9
:10a900000080fa00000006000200fa00000f780044
:10a910006ec8bf000004a2000004e0000200320084
:10a920000080eb00130037001e0078000000e000fc
:10a9300002003a00e0ff2f000e0037009e00780072
:10a9400060bb2000b0187800a0107800e4804000c0
:10a9500064004000b0187800a0107800e480400047
:10a9600064004000900878008180e8000080e800e2
:10a970000000eb000080fa00000006000000fa0072
:10a9800047e7a9006e68ef000080fa0000000600ab
:10a990000400fa000040eb00004f7800310037005f
:10a9a0001e4078006500b90000007800104798004c
:10a9b0001e4078000004e000090032001e407800cc
:10a9c000e34f5000060032001e407800e64f500072
:10a9d000030032001e407800e94f500002003a00a8
:10a9e00030c0b3000100370010c0b300204798000a
:10a9f0001e4090000080fb00000040000000e800c6
:10aa0000e1ce290061407800804178001e4090002e
:10aa10000080fb0000004000e1ce2900614078008a
:10aa2000004178001e4090000080fb0000004000c4
:10aa30000000e80061c7290061407800804078008c
:10aa40001e4090000080fb000000400064c7290009
:10aa50006440780005b926002e429000c2ee07003f
:10aa60001e4fe8001e407800eb4f5000ccff360030
:10aa700004b9260013c0b30082c2b300f1c2b30010
:10aa8000f0c2b3003aee07000080fa0000000600b2
:10aa90000400fa00004f7800114798002247980000
:10aaa0005cc8bf00e14f4000130032005cc8bf002b
:10aab0000080fb00000040000000e80061c72900a2
:10aac00061407800804078005cc8bf000080fb00d7
:10aad0000000400062c7290062407800650e220035
:10aae00034c0b3008141780000417800f1c2b30066
:10aaf000f0c2b3009cee07005dc8bf00e14f40000c
:10ab0000130032005dc8bf000080fb000000400061
:10ab10000000e800e1ce2900614078008040780024
:10ab20005dc8bf000080fb0000004000e2ce2900ad
:10ab300062407800650e220024c0b3008141780095
:10ab400000417800f1c2b300f0c2b30086ee070006
:10ab50005ec8bf00e14f4000130032005ec8bf0076
:10ab60000080fb00000040000000e80061d62900e2
:10ab700061407800804078005ec8bf000080fb0024
:10ab80000000400062d6290062407800650e220075
:10ab900014c0b3008141780000417800f1c2b300d5
:10aba000f0c2b30070ee070079ff07001e80fb00c3
:10abb000000040000000e80061c729006140780003
:10abc000804078001e80fb000000400062c7290022
:10abd00062407800e5d32c0034c0b3008141780096
:10abe00000417800f1c2b300f0c2b3005eee07008e
:10abf0001e4090000080fb00000040000000e800c4
:10ac0000e1ce290061407800804078001e4090002d
:10ac10000080fb0000004000e2ce29006240780086
:10ac2000e5d9280024c0b3008141780000417800b4
:10ac3000f1c2b300f0c2b3004bee07002e4090000b
:10ac40000080fb00000040000000e80061d6290001
:10ac500061407800804078002e4090000080fb002a
:10ac60000000400062d6290062407800f55f2b00aa
:10ac700014c0b3008141780000417800f1c2b300f4
:10ac8000f0c2b30038ee0700f35f2b0022c0b30020
:10ac9000f1c2b300f0c2b3002ced07001e417800f2
:10aca000c1852000824878001e419000d185200097
:10acb000824878002e419000e1852000824878008b
:10acc0000080fa00000006000200fa00600e220078
:10acd000bbfc0700220020008000eb00c0bc20006d
:10ace0004cd907002aff0700a7090700000f7800ca
:10acf0009e00780063804000650e220004b92600a3
:10ad0000c3bc20000001780051c0b30020c0b300d4
:10ad10002c05070000c0eb005ee8b7005ec8bf006e
:10ad20005de8b7005dc8bf005ce8b7000080fa00ce
:10ad3000000006000600fa0093090700000f7800e3
:10ad40001e007800a0409000214798001e00780067
:10ad500090409000314798001e0078001040780025
:10ad60000081fb00b0aa2a000010b8004308de00f2
:10ad70006c00b9000000780000005100004078002d
:10ad80006500b90000007800004178003e40900066
:10ad90008080fb00b0aa2a000008b8004308de004b
:10ada0000040780000404100404798002e4190004c
:10adb000be4090004e40900035ff07001e00780016
:10adc000604890000042780053c0b30052c0b30006
:10add00051c0b30080c5b3008d0407009e00780009
:10ade00063804000650e220004b92600c3bc200029
:10adf0000001780051c0b30020c0b300f104070087
:10ae00000080fa00000006000000fa00c9ff0700f9
:10ae10000080fa00000006000000fa0062c0b300e3
:10ae20001000200001002000fb08070052c0b30002
:10ae300020412000010020001a09070000bc20006a
:10ae40008040eb000148780010bc20008040eb00ff
:10ae50000148780020bc20008040eb0001487800c9
:10ae600040bc200011c0b3000148780050bc200055
:10ae700011c0b300014878005828ef005a28ef00ad
:10ae80000080fa00000006000200fa00000f7800bf
:10ae90001e00780010407800f74f50001b003e0065
:10aea0001e00780090409000b0c3b30080cf5000e7
:10aeb00016003e001e007800a0409000b0c3b30012
:10aec00080cf500011003e00ff3ffc001e007800c4
:10aed00001bc2000904878008100e8000000e800f4
:10aee000904878008100e8000000e8009048780071
:10aef0008100e8000000e80010c0b3000c09070062
:10af0000c0428800d14288000000fc000080fa00a6
:10af1000000006000400fa00100798001e009000d0
:10af2000104090000004e000220032001e0090005b
:10af300010409000ec4f50001e003e001e0090009c
:10af400010409000b9000700004f78001e009000ec
:10af5000104078000004e000160032001e0090004f
:10af6000104078009e4f500012003e00ff3ffc0052
:10af70001e00900041bc20009048780051bc200089
:10af80001041900082487800ff0807009000780088
:10af9000015e880021bc200020419000824878009a
:10afa00010c0b300e2080700c0428800d142880008
:10afb0000000fc000080fa00000006001c00fa00ff
:10afc000500f980010c0b300d90807001007980070
:10afd00021079800c0428000d14280001e019000ed
:10afe000ae019000000051008180590030079800a8
:10aff0004107980000bc2000104078008080fb00d2
:10b0000000e120000088b9000001780010bc200099
:10b01000104078008080fb00c00320000088b90049
:10b02000000078008000410020bc20001040780023
:10b030000080fb0000804000cf80de0050079800b9
:10b04000610798005e019000ee0190003e009000c4
:10b05000ce009000020040008380480070079800f6
:10b06000010f98007e0090008e08900002182500c5
:10b070001300200073d60700100f980040bc20007a
:10b08000904078001e0890000040780000cf4000fb
:10b0900050bc200090407800114798000c00370009
:10b0a0001e409000610007009e40780000cf5000d5
:10b0b0001e4090000040e800104798001e4090009d
:10b0c000ec4f50000200360010c0b300104798004b
:10b0d0001e409000550007009e4f5000f0ff3900c1
:10b0e000a9080700200f98002e0890009e407800c5
:10b0f000314098002e0890009e40900041409800fa
:10b100007e0090008e089000021825001300200099
:10b110005cd60700300f9800410f98003e08900061
:10b12000ce08900002e120000300200045d6070071
:10b13000804078005e089000014878003e0890004a
:10b14000ce08900002e12000030020004dd6070049
:10b15000c2032000030020003ad607008040780098
:10b160005e089000114098003e089000ce089000c4
:10b17000c20320000300200042d607008040780070
:10b180005e089000214098000080fa000000060050
:10b190000200fa00000f78007b0807009e0078008c
:10b1a00030419000824878004041900092409800e1
:10b1b0000080fa00000006000000fa0020c0b30082
:10b1c0005b0807000080fa00000006000400fa0097
:10b1d000004f78001107980010c0b3009e4078001f
:10b1e000ebcf500001003e000040eb009e009000bd
:10b1f000804878001e4078000004e00002003a0019
:10b20000c0c0b300070037001e407800ec4f50006c
:10b2100002003e001e407800020037009e40780089
:10b220006cc050000080fa00000006000200fa0026
:10b23000004f78001e4078000004e0000300320058
:10b240001e407800ec4f500002003600e0c1b30011
:10b25000040037001e80fb000000e90021e7290000
:10b26000614078000080fa00000006000200fa0049
:10b27000000f78000080fa00000006000200fa00cb
:10b280000040eb00004f78000d0037001e80fb00ef
:10b29000c400dd00e0882000008040008040eb001a
:10b2a000014878001e80fb00c400dd0020882000db
:10b2b0000080400061932500010878001e4fe800df
:10b2c0001e407800ff4f5000f0ff36000080fa006b
:10b2d000000006000400fa0020479800ae409000ed
:10b2e000014f78000e0037001e80fb009e80fb009f
:10b2f0008100e8004401dd000088200000004100da
:10b300004409dd0001882000810041000700090098
:10b31000311878000001b1000101b1001e4fe800b2
:10b320001e407800fe4f5000efff3600e0a72000df
:10b330008040eb00014878000080fa000000060021
:10b340000200fa00004f78001e40780001c2b300ee
:10b35000814f50000100360000c2b300004f78005a
:10b360001e80fb00c400dd0000882000008040003b
:10b370000080fa00000006000a00fa00404798002a
:10b3800031079800420798004e409000ff4f500050
:10b3900001003600f0c1b30040479800f0c1b3008f
:10b3a000004f78000e0037001e80fb009e80fb00df
:10b3b0008100e9004401dd00008820000000410018
:10b3c0004409dd00018820008100410007000900d8
:10b3d000311878000001b1000101b1001e4fe900f1
:10b3e0004e4090009e40780080cf50000300360011
:10b3f0001e4078000004e000ebff3a004e40900051
:10b400000080fb00c400dd000088200000804000b8
:10b41000100798001e019000ce0090003e009000a2
:10b42000fae907000080fa00000006000200fa00b6
:10b43000004f78001e80fb004400dd008080e800a3
:10b440000088200000804000900078001e80fb00f3
:10b450004401dd00008820000000410001000100df
:10b460000080fa00000006000200fa00004f780099
:10b470009e4078000040eb00090007000080fa00c1
:10b48000000006000200fa00004f780001c2b3007d
:10b490001e407800020007000080fa00000006004d
:10b4a0000400fa0020479800314798003e40900081
:10b4b00001c2b300814f50000100360000c2b3004a
:10b4c00030479800ae409000014f780014003700dc
:10b4d0001e80fb004400dd00ee00400000882000dc
:10b4e00000804000104078000004e0000b003200b3
:10b4f0001e80fb004400dd008080e8000088200002
:10b5000000804000900078001e80fb004401dd00b8
:10b510000088200000004100010001001e4fe800eb
:10b520003e4090009e40780080cf5000e8ff3900f8
:10b530000080fa00000006000800fa00404798006a
:10b54000310798004e4090007dff0700000f780003
:10b550001e007800a0009000110798001e007800df
:10b56000be009000210098001e007800900090001e
:10b570001e007800010001001e0078009e0090006f
:10b58000210098000080fa00000006000400fa0084
:10b59000100798000040eb00004f78000c003700c7
:10b5a0001e80fb004400dd00ee004000008820000b
:10b5b00000804000104078000004e00003003200ea
:10b5c0009e0090001e407800dbff07001e4fe80041
:10b5d0001e407800ff4f5000f1ff36000080fa0057
:10b5e000000006000000fa0001c2b3000040eb00ba
:10b5f000abff07000080fa00000006000200fa001e
:10b60000000f780010c0b30081f32f001e017800f6
:10b61000810f5100010035000040eb000080fa006e
:10b62000000006001200fa006007980071079800f9
:10b63000020f980080418000ee00900000805000d2
:10b64000cf80de00008fbe0090418000fe009000a1
:10b6500000805000cf80de0020079800310798005e
:10b66000a04180008e08900000805000cf80de0056
:10b6700040079800510798009e0090001e00780037
:10b680000088b900000078001e0190009e0078003c
:10b690000191b90082007800010040009e0078000e
:10b6a0001e09b8000300400080017800be00900031
:10b6b0002e0090000088b90000027800be009000c3
:10b6c0002e0090000088b9000000780000024200bf
:10b6d000ae0090002e0090000008b8000102420069
:10b6e000840078000202400083824800de0090005f
:10b6f0004e0090000088b90000017800de00900044
:10b700004e0090000088b900000078000001410060
:10b71000ce0090004e0090000008b80001014100ea
:10b72000820078000401400085814800309c2000a0
:10b7300001002000800f5100818f590002003c0061
:10b740000040eb00340037009e0090001e0078009f
:10b750000088b900000078001e0190009e0078006b
:10b760000191b90082007800010040009e0078003d
:10b770001e09b8000300400080017800be00900060
:10b780002e0090000088b90000027800be009000f2
:10b790002e0090000088b9000000780000024200ee
:10b7a000ae0090002e0090000008b8000102420098
:10b7b000840078000202400083824800de0090008e
:10b7c0004e0090000088b90000017800de00900073
:10b7d0004e0090000088b900000078000001410090
:10b7e000ce0090004e0090000008b800010141001a
:10b7f00082007800040240008582480010c0b30037
:10b80000f2c3290003002000820f5200838f5a00e8
:10b8100001003c000040eb000080fa000000060040
:10b820000000fa000000eb001c06070010c0b30087
:10b830007ae8b7003668ef003828ef003a28ef00c2
:10b840000080fa00000006000a00fa0068014700c4
:10b85000e6004700640047003e0607007ac8bf00c4
:10b860000004e000090032002e00900080418800b2
:10b870003e009000904188004e009000a04188005a
:10b880007a68ef000000eb00370037004e009000b0
:10b890005aff07000004e000080032002e0090006c
:10b8a000804188003e009000904188004e0090004a
:10b8b000a0418800100020002b0037004e019000ae
:10b8c000be0090002e00900056ff07000004e0002c
:10b8d0001e00320038fe0700008fbe00c04180000d
:10b8e000d14180003e011000ae811800803e200052
:10b8f00001002000800f5100818f590001003600a7
:10b900003668ef0036c8bf000040e80036e8b700f0
:10b910001e01be00c2418800d341880036c8bf0066
:10b92000e24f50000f0036003668ef002e00900006
:10b93000804188003e009000904188004e009000b9
:10b94000a041880020002000070037002e00900052
:10b95000804188003e009000904188004e00900099
:10b96000a04188000000eb000080fa000000060003
:10b970000800fa00200798006147980020c0b30033
:10b980006b060700008fbe002e00900090407800ec
:10b990006e40900080cf5000170032002e009000c3
:10b9a000a0009000100090003e011000ae81180031
:10b9b0008001200001002000800f5100818f59007c
:10b9c000110036002e009000ee40900001487800f3
:10b9d0002e0090001e01be00120098002300980067
:10b9e0002e009000104078000004e00006003200b5
:10b9f00010c0b300050037002e0090001e01be00ed
:10ba000012009800230098000040eb000080fa002c
:10ba1000000006000800fa0020079800614798001f
:10ba200020c0b30042060700008fbe002e00900029
:10ba3000904078006e40900080cf50001800320097
:10ba40002e009000a0009000100090003e01100019
:10ba5000ae8118008001200001002000800f5100fd
:10ba6000818f5900120036002e009000ee409000a9
:10ba7000014878002e0090001e01be0012009800c0
:10ba8000230098002e009000104078000004a200cf
:10ba90000004e0000600320010c0b30005003700cb
:10baa0002e0090001e01be00120098002300980096
:10bab0000040eb000080fa00000006000400fa00dd
:10bac00022c0b300803e200001002000f5050700e1
:10bad0001033800000b0a0001033880010338000c5
:10bae00000c0a0001033880020c0b300100607007b
:10baf000008fbe00213380000080200000806000a5
:10bb000000f0a7000000ea000000e9004f00de009e
:10bb100080407800a0ba2000014878001e01be00d5
:10bb2000625d8800735d8800213380000000210081
:10bb30000080600000f0a7000000ea000000e900bb
:10bb40004f00de008040780000bb200001487800f4
:10bb50001e01be00925d8800a35d88000080fa008f
:10bb6000000006000000fa00213380000080200061
:10bb70000080600000f0a7000000ea000000e9007b
:10bb80004f00de000040780080407800a0ba20001e
:10bb900077ff07000080fa00000006000000fa00ae
:10bba00021338000008020000080600000f0a700aa
:10bbb0000000ea000000e9004f00de0000407800cd
:10bbc00080407800a0ba200092ff07000080fa00b1
:10bbd000000006000000fa00213380000000210070
:10bbe0000080600000f0a7000000ea000000e9000b
:10bbf0004f00de00004078008040780000bb20004d
:10bc00005bff07000080fa00000006000000fa0059
:10bc100021338000000021000080600000f0a700b8
:10bc20000000ea000000e9004f00de00004078005c
:10bc30008040780000bb200076ff07000080fa00fb
:10bc4000000006000000fa00213380000080200080
:10bc50000080600000f0a7000000ea000000e9009a
:10bc60004f00de0080407800a0ba20000148780034
:10bc700020c0b300ae050700605d8800715d8800dc
:10bc800021338000000021000080600000f0a70048
:10bc90000000ea000000e9004f00de00804078006c
:10bca00000bb20000148780020c0b300a0050700b9
:10bcb000905d8800a15d88000080fa000000060009
:10bcc0000200fa00000f78001e007800e10f50001b
:10bcd000030032001e007800e20f500008003a0016
:10bce000303380000080a000303388002003200023
:10bcf00088060700303380000080a10030338800c0
:10bd00001e007800e30f500008003a003033800036
:10bd10000090a00030338800200320007d0607003b
:10bd2000303380000090a100303388000080fa009a
:10bd3000000006000600fa0010079800210798008e
:10bd400091050700000f78001e009000e20f5000e0
:10bd500008003a00bde4070017fd070040438800d3
:10bd6000514388001e00780011c0b3001160980094
:10bd7000310037002c0307000004e0000b00320004
:10bd80001e009000e10f5000030032001e009000e2
:10bd9000e30f500005003a000f0307001e00780073
:10bda00011c0b30011609800230037001e009000fe
:10bdb000e30f500020003a001e0078004000900081
:10bdc0000001e800b0aa2a000010b8000100d1006c
:10bdd0006300b90000007800000051009e00780068
:10bde000c00098001e00780040009000e10f500055
:10bdf00007003200e10f500003003900e20f50004d
:10be0000050032000600370081f207000400370009
:10be1000adfb0700020037007df0070000000000c6
:10be20001e00780011c0b30011609800300020009f
:10be3000a3ff0700000000000080fa0000000600d9
:10be40000800fa0020079800310798004e05070007
:10be5000000f78004043800051438000e00f500005
:10be6000e08f58000d003200d3fc07000001be0037
:10be700040438000514380000001510081815900fe
:10be8000b012200001002000800f5100818f590066
:10be900002003e000000eb00300798003e009000da
:10bea000e10f5000030032003e009000e20f50000e
:10beb00007003a0092e407006828ef006a28ef00c4
:10bec0001e00780011c0b300116098000700370011
:10bed0002e0090007aff0700c101070010079800ac
:10bee0009e0090002e00900090e407000080fa0071
:10bef000000006000600fa001007980021079800cd
:10bf000021050700000f78001e009000e20f50008e
:10bf100005003a004de407001e00780011c0b30090
:10bf2000116098001c0037002e009000e10f5000b7
:10bf3000030032002e009000e20f500005003a008e
:10bf40006fe407001e00780011c0b3001160980074
:10bf5000110037001e00900059ff07001e009000de
:10bf60000000a20000f0a7000000ea000000e900c5
:10bf70004f00de00804078001e00900063006800e3
:10bf800000f0a7000000ea000000e9004f00de001a
:10bf9000004078008bf607000080fa0000000600e1
:10bfa0000600fa001007980021079800f604070021
:10bfb000000f78001e00780050009000e10f500044
:10bfc00009003200e10f500003003900e20f500079
:10bfd000090032000c003700ae0090001e009000f7
:10bfe00054ff070008003700ae0090001e009000cc
:10bff00093ff070004003700ae0090001e00900081
:10c00000bcff0700000000000080fa0000000600ee
:10c010000e00fa00004f9800114f9800224f980030
:10c02000334f9800444f98004e4890000004e000c1
:10c0300002003200f05f2b0001003700600e22008a
:10c04000000f78002e489000e54f500001003100ad
:10c0500050c0b300204798003e489000e54f500084
:10c060000100310050c0b300304798002e409000ce
:10c070000080fb000000d100804078000e48900056
:10c0800000c04000404798003e4090000080fb0008
:10c090000000d100804078001e48900000c04000a1
:10c0a00050479800ae4090003e409000814f5000b5
:10c0b00001003600014078000080fb00cf00de0068
:10c0c000008040000080d100004078000040e9007e
:10c0d000604798009e4890003e40900080c040001d
:10c0e0000e4990002e40900000404100640e220056
:10c0f00081417800004178009e4890000e489000f1
:10c10000a2e907001e02780013c0b3006e41900040
:10c11000de4090004e40900095e807009e48900059
:10c120003e40900000c040000040e9001e01780041
:10c13000804078004e40900064e707009e489000e1
:10c140003e40900000c0400080c0e9000e489000d2
:10c150000040e8001e0178005ce707009e48900060
:10c160003e40900000c0400080c0e9000e499000b1
:10c170002e409000004041000040e9001e01780080
:10c1800052e707001e4890008040e8000e489000eb
:10c190000040e8001e0178004ce707001e489000b0
:10c1a0008040e8000e4990002e4090000040410081
:10c1b0000040e9001e01780044e707000080fa0013
:10c1c000000006001000fa006047980071479800d0
:10c1d0004207980053079800640798007507980075
:10c1e0004e009000904078005e0090001040780073
:10c1f00080cf500006003a004e0090009040900022
:10c200005e0090001040900080cf50002f00320060
:10c210005e009000104090008080fb005e00900067
:10c22000104078000080fb00811f7800801f78009c
:10c23000e0e72900801f78000e007800e8d30700af
:10c24000e68757000e007800fe029000000278009a
:10c2500013c0b30012c0b300fe4090006e409000c7
:10c26000d0e907004e009000104090008080fb0055
:10c270004e009000104078000080fb00811f780085
:10c28000801f7800e0e72900801f78000e0078000a
:10c29000d3d30700e68757000e007800ee02900027
:10c2a0000002780013c0b30012c0b300fe4090003b
:10c2b0006e409000bbe907005e009000ce00900049
:10c2c0001148780011419000124098000080fa0057
:04c2d0000000060064
:020000040000fa
:10c2d4006c0800000200000080000000b60b0000a3
:10c2e4000a000000800000006e0800000200000048
:10c2f400800000008a0b0000120000008000000093
:10c30400220800000e0000008000000070080000f9
:10c314000200000082000000ff030000500800003b
:10c3240004000000800000008008000000020000fb
:10c33400800000007208000002000000800000007d
:10c34400aa0b00000c000000800000004c0b000051
:10c3540020000000800000007408000002000000bb
:10c3640082000000ffff00005408000004000000e9
:10c37400800000003c08000008000000800000006d
:10c38400240b00002800000080000000c00b000007
:10c3940006000000800000005808000004000000af
:10c3a40080000000cc0b00000200000080000000b0
:10c3b4005c0800000400000082000000ffffff0092
:10c3c40000000000e60a00003e00000080000000bb
:10c3d4004408000006000000800000007608000009
:10c3e4000200000082000000409e0000c60b000016
:10c3f4000600000080000000600800000400000047
:10c4040080000000780800000200000080000000a6
:10c41400300800000c000000800000007a080000d2
:10c424000200000082000000010000001208000069
:10c4340010000000800000006408000004000000f8
:10c44400800000007c080000020000008200000060
:10c4540001000000680800000400000080000000e3
:10c46400800a00006600000082000000d696560094
:10c47400981697005697960097d697001698fe0040
:10c4840099069a000d9a14009a1c9a00d6981600e0
:10c49400995699005698960098d697009697070053
:10c4a40000c021003622aa0021b2210000084b005e
:10c4b400080408000300640022de22004a22560019
:10c4c400220108004c080600080200000c23860024
:10c4d40023f22200fe220200084d08000808020090
:10c4e40000b8230032249a0023a4230003084e003a
:10c4f400080a08009c0b00000e00000080000000e9
:10c504004a08000006000000800000000008000047
:10c514001200000082000000ffffff00ffffff0089
:10c52400ffffff00ffffff00ffffff000008000008
:10c534007e08000002000000800000006c0b000078
:10c544001e00000082000000286e69006c290000b3
:10c5540025006800076c09004c836a009074a000f1
:10c564007ac000008068880000846c00820081002a
:10c57400ce0b00000200000080000000000000005c
:020000040000fa
:10c584000a00fa0080c0b300004f78000000eb00fe
:10c59400100798000000eb0020079800000120001d
:10c5a4003007980020c0b300004f98000e007800b8
:10c5b400e3f707000000e00005003a0010c0b300f4
:10c5c4007ce8b7006468ef006628ef0001003700dc
:10c5d400000000000080fa00000006000200fa00db
:10c5e4000e00780058f807001e0078000080fa005a
:10c5f400000006001000fa00889fbe00404f98001b
:10c60400514f9800624f9800f4ff070010079800fc
:10c61400de4890004e48900080cf500008003e0055
:10c624004e49900041862000824878009e00900088
:10c63400314388007c68ef004e4890003800370092
:10c644005e4890008080fb004e4890000080fb0014
:10c6540000805000cf80de0020079800310798004a
:10c664004e4890000084fb008004eb001e00900004
:10c674008000eb002e0190000191b90002017800c6
:10c68400be019000009ab9008401780003014100c2
:10c69400ae0190000018b80001014100820078004a
:10c6a400f23f200003002000e5d00700080040000e
:10c6b4008980480040079800510798007cc8bf0053
:10c6c4000004a2000004e0000d0032009e0090006f
:10c6d40030438000008f50001e0078000000e0000e
:10c6e40001003d001e0fea006e4890000080fb0030
:10c6f4009e0f50000200340064c8bf0008003700d9
:10c704007c68ef001e019000324388004e009000c8
:10c714000040780064e8b7004e00900000407800c4
:10c724004f04be000080fa00000006000a00fa0070
:10c73400004f98000e4890000004e00002003a0008
:10c744000040eb0030003700a4ff070020079800ea
:10c754000e4890000080fb0001402000000178009a
:10c76400110009008200d80030079800ae00900044
:10c774003e00900000017800110009008280d8007a
:10c78400004f78000e4890009e40780080cf500003
:10c79400020039000e489000004fe9007cc8bf0039
:10c7a4000004a2000004e00010003200ae0090007b
:10c7b4003043800000805000100798001e00900055
:10c7c4000000e00003003d001e0090000000ea00ad
:10c7d400100798009e00900070022000808f500087
:10c7e40002003c0064c8bf00070037007c68ef000b
:10c7f400ae009000314388009e40780042862000bd
:10c80400014978001e4078000080fa00000006000c
:10c814000000fa000080fa00000006000200fa009e
:10c82400d8020700000f78001e00780060489000ce
:10c834000004a2000004e00025003a001e00780075
:10c84400704890000004e00023003a001e007800c5
:10c85400904078001e0078004048900080cf50003f
:10c864001e003a001e007800904090001e007800e0
:10c874005048900080cf500018003a001e00780005
:10c88400204090000004e00014003a001e007800ec
:10c8940011c0b300714898001e0078008040eb007e
:10c8a400015098001e007800c00090001e0078001f
:10c8b400311098001e0078004100200041009800cb
:10c8c4001e00780011c0b300016098000300370017
:10c8d4000000000001003700000000000080fa00a2
:10c8e400000006000400fa00204798003147980031
:10c8f400a4020700000f78002e409000f74f50006c
:10c904000d003e00be409000b0c3b30080cf500085
:10c9140009003e001e007800ae4090004148980097
:10c924001e007800be409000514898001e00780018
:10c9340011c0b300016098000080fa0000000600f6
:10c944000200fa008f020700000f78001e00780032
:10c9540011c0b300614898001e00780011c0b300f4
:10c96400016098000080fa00000006000200fa004e
:10c9740084020700000f78001e0078008040eb005e
:10c98400614898001e0078008040eb0071489800d0
:10c994001e00780011c0b300016098000080fa0006
:10c9a400000006000200fa0076020700000f78007b
:10c9b4001e007800604890000004e000020032008d
:10c9c400eaff070001003700ddff07000080fa00de
:10c9d400000006000200fa006a020700000f780057
:10c9e4001e0078008040eb00714898001e0078001b
:10c9f4008040eb00015098001e007800b0109000b9
:10ca04001e00780041009800600e22006bf50700bc
:10ca14001e00780011c0b300116098000080fa0075
:10ca2400000006000200fa0056020700000f78001a
:10ca34001e007800704890000080fa000000060094
:10ca44000200fa004f020700000f78001e00780071
:10ca5400704890000004e0000a0032001e007800d4
:10ca6400005090008040e8001e00780001509800bb
:10ca74001e00780000509000f34f50000100360073
:10ca8400d4ff07000080fa00000006000000fa004e
:10ca940009fc07000080fa00000006000800fa0004
:10caa400c4f9070010079800210798000000eb0064
:10cab400000f780021338000008020000080600097
:10cac40000f0a7000000ea000000e9004f00de00cb
:10cad400604798006e4090000004e00011003200ae
:10cae40020812000104078000004a2000004e0002f
:10caf4000c0032002081200011c0b30001487800ee
:10cb0400208120001e019000ae01900012009800c8
:10cb140023009800208120008040eb0061409800b1
:10cb2400300037006e4090000004e0001b0032002b
:10cb340020812000104078000004e000170032003b
:10cb440020812000604090000004a2000004e00066
:10cb54001200320020812000a000900010009000fc
:10cb64001e019000ae019000000151008181590026
:10cb7400f07c200001002000800f5100818f5900bb
:10cb8400180036002081200011c0b30061409800d5
:10cb940020002000000f7800120037006e40900043
:10cba4000004a2000004e0000e00320020812000f6
:10cbb400104078000004e0000a00320020812000c8
:10cbc400604090000004a2000004e0000200320073
:10cbd40010002000000f7800208120008040eb002e
:10cbe400014878001e0078000000e00021003a00af
:10cbf40021338000000021000080600000f0a700c5
:10cc04000000ea000000e9004f00de0070479800d1
:10cc14007e4090000004e00009003200a081200062
:10cc2400104078000004a2000004e0000400320078
:10cc3400a081200011c0b300014878000d00370026
:10cc44007e4090000004a2000004e00009003200cd
:10cc5400a0812000104078000004e00005003200ac
:10cc6400a08120008040eb000148780030002000c3
:10cc7400000f78001e0078000080fa000000060013
:10cc84000400fa00000f7800110798002133800097
:10cc9400008020000080600000f0a7000000ea008f
:10cca4000000e9004f00de00804078001e0078009c
:10ccb40001487800213380000000210000806000da
:10ccc40000f0a7000000ea000000e9004f00de00c9
:10ccd400804078001e009000014878000080fa002f
:10cce400000006000000fa00f5e3a9000080fa0045
:10ccf400000006000000fa00a11f800000002800c8
:10cd0400008060000000e00007003a0000122000ec
:10cd1400a01f88000424ef0077e6a900f5e3a8002b
:10cd240010c0b300010037000040eb000080fa009f
:10cd3400000006000200fa00004f78001e80fb008d
:10cd44000020880000000000e01f800061006000f7
:10cd54000000e000fcff320000208000004078006a
:10cd64000080fa00000006000600fa001007980090
:10cd7400210798009e009000010f780006003700fc
:10cd84001e00780010407800eaff07009e0078003b
:10cd9400804878001e0fe8002e00900000f0a700e5
:10cda4000000ea000000ea004f00de0000407800c6
:10cdb400ae0090008100e900210798000004e00023
:10cdc400efff3a000080fa00000006000600fa00b7
:10cdd40010079800210798009e009000010f78002a
:10cde400040037001e007800104078001e0fe80091
:10cdf400d0ff07002e00900000f0a7000000ea001a
:10ce04000000ea004f00de0000407800ae00900011
:10ce14008100e900210798000004e000f1ff3a00d6
:10ce24000080fa00000006000600fa0010079800cf
:10ce3400210798009e009000010f7800050037003c
:10ce44000040eb00bbff07009e007800804878009c
:10ce54001e0fe8002e00900000f0a7000000ea007a
:10ce64000000ea004f00de0000407800ae009000b1
:10ce74008100e900210798000004e000f0ff3a0077
:10ce84000080fa00000006000200fa00004f78005b
:10ce94001e80fb00002088000080fa0000000600cd
:10cea4000000fa0000208000004078000080fa00b2
:10ceb400000006000000fa00710480000040200019
:10cec400008060000000e000060032009043800013
:10ced4000000e000020032009043800000000100e6
:10cee4008f40a9000080fa00000006000200fa004a
:10cef400000f78009e007800914388000080fa00bb
:10cf0400000006000200fa00000f78001e007800fe
:10cf140050009000e10f500019003200e10f500062
:10cf240003003900e20f50001700320018003700e8
:10cf34001e00780040009000e10f5000090032000c
:10cf4400e10f500005003900e20f500007003200e5
:10cf5400e40f500007003200080037003eee0700df
:10cf640006003700a7f7070004003700ccec0700e1
:10cf7400020037008d0107000000000004003700a4
:10cf840039e20700020037000ef20700000000003b
:10cf94000080fa00000006000200fa00000f78008a
:10cfa4001e00780050009000e10f5000190032007c
:10cfb400e10f500003003900e20f50001700320067
:10cfc400180037001e00780040009000e10f500068
:10cfd40009003200e10f500005003900e20f500053
:10cfe40007003200e40f5000070032000800370049
:10cff40092ee0700060037004df7070004003700e3
:10d00400abec0700020037007201070000000000cb
:10d01400040037004fe2070002003700e9f107007f
:10d02400000000000080fa00000006000200fa0080
:10d03400d4000700000f78001e00780010609000f4
:10d044000004e000090032001e0078008040eb007c
:10d05400116098001e0078008040eb000160980089
:10d064001e007800a7ff0700090037001e007800a3
:10d07400006090000004e000050032001e0078000b
:10d084008040eb00016098001e007800c2ff07009a
:10d094000080fa00000006000a00fa004007980029
:10d0a4004e0090000000e000030032004e009000ab
:10d0b4001040780001003700d0c1b3006ce8b7001d
:10d0c400006a280011002000008fbe0040062000e6
:10d0d400200798000e007800c3f307000040eb001f
:10d0e400604798006cc8bf00e60047000101780063
:10d0f4008040eb00e9f407000000e0000200320089
:10d1040010002000100037006e409000fb4f4000dc
:10d1140002003200200020000b00370050002000e5
:10d124007b0107006cc8bf0082c0b300d1c2b3004a
:10d13400a1f407000000e00002003200100020000b
:10d14400010037000000eb000080fa000000060038
:10d154000c00fa0030079800410798005207980025
:10d164006cc8bf0063c0b3000e01780021c3b300d4
:10d17400aaf407000000e0000200320010002000c2
:10d18400220037003e0090000000e000080032005a
:10d194001e4090000080fb00c800dd001e407800a7
:10d1a4000080fb00810070003e00900001087800c0
:10d1b4004e0090000000e000080032003e40900065
:10d1c4000080fb00c800dd002e4090000080fb00c2
:10d1d400810070004e009000010878005e0090000d
:10d1e4000000e000080032005e4090000080fb0078
:10d1f400c800dd004e4090000080fb0081007000fc
:10d204005e009000010878000000eb000080fa0046
:10d21400000006000600fa00008fbe004247980096
:10d224009421ef00a10c8000000320000100700095
:10d23400a00c88001e01be004818dd00c810de00e6
:10d24400810070004810dd000001be000090200045
:10d25400d1032000facd0700000078000000e900a7
:10d26400900c88004e409000674060000080fb00f6
:10d27400670060004c00dd0042058000f1ff2800db
:10d284008100610001007000400588008860a900e9
:10d294009860a80095e1a8000080fa00000006004c
:10d2a4000600fa00008fbe0042479800a021ef005c
:10d2b400010d80000003200001007000000d8800b3
:10d2c4001e01be004818dd00c810de008100700099
:10d2d4004810dd000001be0000902000d1032000b2
:10d2e400d7cd0700000078000000e900e00c8800ba
:10d2f4004e409000674060000080fb0067006000c3
:10d304004c00dd0052058000f1ff2800810061001f
:10d31400010070005005880088e0a90098e0a8008a
:10d32400a1e1a8000080fa00000006000600fa004f
:10d33400404798006000b800008fbe00ff3ffc002b
:10d344004e409000e14f500004003a00e24180005a
:10d35400f3418000028fbe00060037004e4090006b
:10d36400e24f500003003a00024280001342800062
:10d37400028fbe000000fc001e00be000080fa0008
:10d38400000006000000fa0040b220000080fa000d
:10d39400000006000000fa00820220008000eb007a
:10d3a40040b220009acf070040b22000c1c0b300b1
:10d3b4000148780050b220008040eb00014878001a
:10d3c40060b220008040eb000148780070b2200079
:10d3d40011c0b3000148780080b2200011c0b3002e
:10d3e4000148780010002000505988000000eb002c
:10d3f400605988000000eb007059880020b32000b9
:10d404008040eb000148780030b320008040eb00fe
:10d41400014878000000eb00d059880000b42000d7
:10d4240091c1b3000148780010b4200051c0b3008a
:10d434000148780020b42000f1c0b300014878000e
:10d4440030b4200041c0b3000148780000b420008b
:10d45400104078008080fb00c00320000088b900e1
:10d4640000007800e0598800e0b320008040eb0021
:10d4740001487800f0b320008040eb0001487800b8
:10d4840040b420008040eb000148780050b42000f4
:10d4940011c0b300014878000080fa0000000600c3
:10d4a4000000fa006626ef007a26ef008e26ef00d1
:10d4b4000080eb00103388000080eb00b03388005c
:10d4c4000080eb00503488007426ef008826ef00bb
:10d4d4009c26ef007226ef008626ef009a26ef00c6
:10d4e4006826ef007c26ef009026ef007d06a8005a
:10d4f4007d26a80001088000f00b20000081600058
:10d504006004200071052000031020008049780089
:10d514008149780082497800113f800000f82f008b
:10d52400008060007000b300103f8800113f80004d
:10d53400f00f28000080600000b0a000103f8800b9
:10d54400c13d800000fc2f0000806000d000b300cb
:10d55400c03d880000088000000178000260a0003f
:10d564006004200071052000031020008049780029
:10d5740081497800824978000080fa0000000600a2
:10d584000000fa0040452f008cf20700f35f2b00e7
:10d5940082c2b300f1c2b300f0c2b300eae20700f2
:10d5a4007868ef000080fa00000006000000fa002e
:10d5b40040452f0081f20700f35f2b0082c2b300c5
:10d5c400f1c2b300f0c2b300dfe207000080fa004a
:10d5d400000006000400fa006aff0700000f78004c
:10d5e4001e00780020409000614060000080fb0035
:10d5f4000000e9004f00de002047980078c8bf0013
:10d60400ae40900080cf50000f0032002e409000ba
:10d614000004e0000200320040452f000100370002
:10d62400600e220065f20700f35f2b0082c2b30094
:10d63400f1c2b300f0c2b300c3e207002e41900070
:10d6440081872000824878000080fa0000000600ec
:10d654000600fa00e70007001af20700edf50700dc
:10d664000afd0700c6fb07006cf8070010338000b2
:10d674000080a10010338800303380000080a100b6
:10d6840030338800103380000090a10010338800ec
:10d69400303380000090a1003033880030338000a4
:10d6a4000080a10030338800303380000090a10056
:10d6b4003033880037ff070054ec070081f507007a
:10d6c40052ea0700aeff07003ade0700dcef07006e
:10d6d400c0c0b300004f78000040eb001047980032
:10d6e4000040eb002047980010c0b300304798007a
:10d6f40010c0b300404798000e007800e1f5070021
:10d704006300470002f607000080fa0000000600ec
:10d714000200fa00000f78000300370000fa20002e
:10d72400010020009d0007001e00780000f0a70003
:10d734000000ea000000ea004f00de00004078002c
:10d744001e0fe9000004e000f4ff3a000080fa0034
:10d75400000006000200fa00000f78000500370000
:10d7640000082000010020008c00070001fe2f00ab
:10d774001e8f40001e007800ff0f5000f8ff3e008f
:10d784000300370040002000010020008300070050
:10d794001e00780000f0a7000000ea000000ea0084
:10d7a4004f00de00004078001e0fe9000004e00096
:10d7b400f4ff3a000080fa00000006000000fa00be
:10d7c40000002300100888000621ef006821ef0004
:10d7d4006a21ef000821ef00007020005008880043
:10d7e4000c21ef000e21ef007821ef007a21ef00e9
:10d7f4007c21ef007e21ef008021ef008221ef00e9
:10d804008421ef008621ef000001eb008007200057
:10d81400a109200013102000804978008149780074
:10d82400824978000001eb006004200071052000ab
:10d8340003102000804978008149780082497800eb
:10d844000080fa00000006000800fa003007980083
:10d85400ccfe0700000f780010c0b300b3fe070031
:10d8640010079800210798003e0090001001be00a8
:10d874001e009000ae009000800f5100818f59006f
:10d88400100032003e0090001e019000ae01900096
:10d894000288be001e007800c7f50700dffb070002
:10d8a40067fc07001e00780050009000e20f500053
:10d8b40001003a0094ef07001e00780011c0b30085
:10d8c400016098000080fa00000006000000fa00e1
:10d8d40083e0a80000000000000000000080fa00bf
:10d8e400000006000000fa00f8ff07008105800030
:10d8f400f0f82f00008060000040a0008005880040
:10d904008105800080ff2f00008060000000a000df
:10d91400800588000080fa00000006000800fa0074
:10d924004bff07006000b8002007980031079800fb
:10d9340064004700c4ff070058fc0700000f78008c
:10d94400c0f70700100798009e0090001e007800a2
:10d9540092f90700b5fd0700a00020006cff070046
:10d96400f3ff37000200fa00000f78009e007800f1
:10d97400a14388000000fe000080fa0000000600b9
:10d984000000fa00c0b420008007780040b62000f0
:0cd99400000188000080fa00000006007e
:020000040000fa
:10d9a000f03fb1000180b10006003500ee03090030
:10d9b00000000000403fb1000180b100fbff3d00ce
:10d9c0001000b000203fb0000200350000800900c8
:08d9d000000000000000060049
:020000040000fa
:10d9d800809fbe00ec80570031007800a04288008c
:10d9e8001100780056e8b7004f00be00000006009e
:10d9f8000000fa00a9fe0700b9ff07006eff070044
:10da08000080fa00000006000000fa00c2ff0700cc
:08da18000080fa000000060086
:020000040000fa
:020000040005f5
:045e0000ffffff00a1
:020000040000fa
:020000040005f5
:045e2000ffffff0081
:020000040000fa
:020000040005f5
:045e300078ffff00f8
:020000040000fa
:020000040005f5
:045e38004bffff001d
:020000040000fa
:020000040005f5
:045e40009fffff00c1
:020000040000fa
:020000040005f5
:045e4800ffffff0059
:020000040000fa
:020000040005f5
:045e5000deffff0072
:020000040000fa
:020000040005f5
:045e5800efffff0059
:00000001FF
