:020000040000fa
:080000000001040000000000f3
:020000040000fa
:040008004a040000a6
:020000040000fa
:04000c008c04000060
:020000040000fa
:04001000cc0400001c
:020000040000fa
:040014006a0400007a
:020000040000fa
:04001800ac04000034
:020000040000fa
:04001c001c050000bf
:020000040000fa
:040020001c050000bb
:020000040000fa
:040024001c050000b7
:020000040000fa
:040028001c050000b3
:020000040000fa
:04002c001c050000af
:020000040000fa
:040030001c050000ab
:020000040000fa
:04003400ec040000d8
:020000040000fa
:040038001c050000a3
:020000040000fa
:04003c001c0500009f
:020000040000fa
:040040001c0500009b
:020000040000fa
:0400440004050000af
:020000040000fa
:040048001c05000093
:020000040000fa
:04004c001c0500008f
:020000040000fa
:040050001c0500008b
:020000040000fa
:040054001c05000087
:020000040000fa
:040058001c05000083
:020000040000fa
:04005c001c0500007f
:020000040000fa
:040060001c0500007b
:020000040000fa
:040064001c05000077
:020000040000fa
:040068001c05000073
:020000040000fa
:04006c006c02000022
:020000040000fa
:040070001c0500006b
:020000040000fa
:040074001c05000067
:020000040000fa
:040078001c05000063
:020000040000fa
:04007c001c0500005f
:020000040000fa
:040080001c0500005b
:020000040000fa
:040084001c05000057
:020000040000fa
:040088001c05000053
:020000040000fa
:04008c001c0500004f
:020000040000fa
:040090001c0500004b
:020000040000fa
:040094001c05000047
:020000040000fa
:040098001c05000043
:020000040000fa
:04009c001c0500003f
:020000040000fa
:0400a0001c0500003b
:020000040000fa
:0400a4001c05000037
:020000040000fa
:0400a8001c05000033
:020000040000fa
:0400ac001c0500002f
:020000040000fa
:0400b0001c0500002b
:020000040000fa
:0400b4001c05000027
:020000040000fa
:0400b8001c05000023
:020000040000fa
:0400bc001c0500001f
:020000040000fa
:0400c0001c0500001b
:020000040000fa
:0400c4001c05000017
:020000040000fa
:0400c8001c05000013
:020000040000fa
:0400cc001c0500000f
:020000040000fa
:0400d0001c0500000b
:020000040000fa
:0400d4001c05000007
:020000040000fa
:0400d8001c05000003
:020000040000fa
:0400dc001c050000ff
:020000040000fa
:0400e0001c050000fb
:020000040000fa
:0400e4001c050000f7
:020000040000fa
:0400e8001c050000f3
:020000040000fa
:0400ec001c050000ef
:020000040000fa
:0400f0001c050000eb
:020000040000fa
:0400f4001c050000e7
:020000040000fa
:0400f8001c050000e3
:020000040000fa
:0400fc001c050000df
:020000040000fa
:040100001c050000da
:020000040000fa
:040104001c050000d6
:020000040000fa
:040108001c050000d2
:020000040000fa
:04010c001c050000ce
:020000040000fa
:040110001c050000ca
:020000040000fa
:040114001c050000c6
:020000040000fa
:040118001c050000c2
:020000040000fa
:04011c001c050000be
:020000040000fa
:040120001c050000ba
:020000040000fa
:040124001c050000b6
:020000040000fa
:040128001c050000b2
:020000040000fa
:04012c001c050000ae
:020000040000fa
:040130001c050000aa
:020000040000fa
:040134001c050000a6
:020000040000fa
:040138001c050000a2
:020000040000fa
:04013c001c0500009e
:020000040000fa
:040140001c0500009a
:020000040000fa
:040144001c05000096
:020000040000fa
:040148001c05000092
:020000040000fa
:04014c001c0500008e
:020000040000fa
:040150001c0500008a
:020000040000fa
:040154001c05000086
:020000040000fa
:040158001c05000082
:020000040000fa
:04015c001c0500007e
:020000040000fa
:040160001c0500007a
:020000040000fa
:040164001c05000076
:020000040000fa
:040168001c05000072
:020000040000fa
:04016c001c0500006e
:020000040000fa
:040170001c0500006a
:020000040000fa
:040174001c05000066
:020000040000fa
:040178001c05000062
:020000040000fa
:04017c001c0500005e
:020000040000fa
:040180001c0500005a
:020000040000fa
:040184001c05000056
:020000040000fa
:040188001c05000052
:020000040000fa
:04018c001c0500004e
:020000040000fa
:040190001c0500004a
:020000040000fa
:040194001c05000046
:020000040000fa
:040198001c05000042
:020000040000fa
:04019c001c0500003e
:020000040000fa
:0401a0001c0500003a
:020000040000fa
:0401a4001c05000036
:020000040000fa
:0401a8001c05000032
:020000040000fa
:0401ac001c0500002e
:020000040000fa
:0401b0001c0500002a
:020000040000fa
:0401b4001c05000026
:020000040000fa
:0401b8001c05000022
:020000040000fa
:0401bc001c0500001e
:020000040000fa
:0401c0001c0500001a
:020000040000fa
:0401c4001c05000016
:020000040000fa
:0401c8001c05000012
:020000040000fa
:0401cc001c0500000e
:020000040000fa
:0401d0001c0500000a
:020000040000fa
:0401d4001c05000006
:020000040000fa
:0401d8001c05000002
:020000040000fa
:0401dc001c050000fe
:020000040000fa
:0401e0001c050000fa
:020000040000fa
:0401e4001c050000f6
:020000040000fa
:0401e8001c050000f2
:020000040000fa
:0401ec001c050000ee
:020000040000fa
:0401f0001c050000ea
:020000040000fa
:0401f4001c050000e6
:020000040000fa
:0401f8001c050000e2
:020000040000fa
:0401fc001c050000de
:020000040000fa
:10020000cfc020000e7f24000e01880000000000f7
:10021000000020000000e000020032000001200089
:100220002002880014000700050207000000e0001b
:1002300003003a00e03327000100200002003700ed
:100240000000200001002000810f7000010032003a
:1002500014000700000020000000e000020032004f
:1002600000000200000000007e7f0200000000008d
:100270000040da000000fe004440a900e0852000b4
:100280000000e00003003200002020009001880000
:100290004440a800000006008a1f78008b1f7800e9
:1002a00000000600a1028800800478000000eb0036
:1002b0001f003700e284440054a0b4009905ba003e
:1002c000e284440054a0b4009906ba00e2844400d9
:1002d00054a0b4000006eb00476fde00fd07b2003b
:1002e000ae018800636ce10003003a00eaff0700fa
:1002f0000000eb000e003700606ce10008003a00df
:10030000004deb000a05e800020039003420ec0043
:100310000af0a0008b05e900f9ff3e000400370059
:100320006168e100010032000086eb000b0007006d
:1003300019c7ba001905ba000e04e00003003a001c
:100340000a00e000dbff3a0000000600fe07b200f2
:10035000ae0288008a047800f5ff37000cd0a300b5
:10036000e20f4d001c00390089027800354dba00bb
:100370000a05e800020039003420ec000af0a00071
:100380008b05e9000f003200254dba000a05e80090
:10039000020039003420ec000af0a0008b05e900cf
:1003a000080032000c00e0000600320015cdba0053
:1003b0000a05e800020039003420ec000af0a00031
:1003c0008b05e9008984e80054a0b4000b00e0002c
:1003d000e2ff3a00000006009902ba00055d7800cd
:1003e0008b05e900f7ff3200c82ade00055d7800c2
:1003f0008b05e900f3ff32000c00e000f1ff320052
:1004000019ddba00eeff37004c6c0400000000005c
:1004100082320400000000009c3204000000000052
:10042000ba32040000000000d832040000000000ce
:10043000fa320400000000001c3304000000000039
:100440003e330400000000006c3204000000000095
:10045000c668040000000000ce6804000000000030
:10046000dc68040000000000e868040000000000f0
:10047000f6680400000000000269040000000000ab
:1004800010690400000000001a6904000000000068
:100490002e690400000000007269040000000000e2
:1004a00084690400000000004e22040000000000e7
:1004b000f222040000000000564404000000000086
:1004c00080440400000000009c4404000000000080
:1004d000bc440400000000003600f800809fbe000d
:1004e000829fbe00849fbe00869fbe000000fa006f
:1004f0008a20a900f12480000040200000806000d4
:100500000000e0000f0032009f44a9002828ef00ff
:10051000704180000000e00008003200704180005f
:10052000200090000000e0000400320070418000d4
:10053000200090008000eb00010878002e28ef00da
:10054000cd003700f124800000082000008060000a
:100550000000e0000f0032009ee4a9002828ef0010
:10056000704180000000e00008003200704180000f
:10057000200090000000e000040032007041800084
:10058000200090008000eb00010878002e28ef008a
:10059000b900370040418000e40f5000a90032004c
:1005a000e40f500009003e00e10f5000330032001c
:1005b000e10f50000e003900e20f5000330032000e
:1005c000e30f500047003200a1003700e60f500053
:1005d00084003200e60f500070003900e70f500031
:1005e00098003200e80f5000820032009800370077
:1005f000005f8000620060000000e0009d003a00a3
:10060000f05e800070418800f05e8000104078004d
:100610002ae8b700f05e800010009000604188007a
:10062000f05e800066004000f05e8800f15e8000b1
:10063000c0bd2000808f500002003a0060bd200045
:10064000f05e8800005f80000000a100005f88006d
:10065000f15e8000e05e8000808f500003003a0071
:10066000005f80000010a000005f88009a04a800ce
:1006700020002000404188007f0037009a24a80015
:1006800020002000404188007b003700604180004e
:1006900010007800804188006041800020009000b8
:1006a00090418800604180002040900034e8b7000d
:1006b00080418000b024880080418000610060009b
:1006c000004078000004e0000300320050002000e9
:1006d0004041880068003700300020004041880019
:1006e00065003700f12480000000280000806000d1
:1006f0000000e0000900320010be20001040780029
:100700008040e80010be2000014878009fe4a90066
:1007100050002000212f07005700370034c8bf00c9
:100720008080fb008100e900cf08de008140780076
:100730000040e90034e8b7000104e0001000320096
:100740006041800066004000604188002ac8bf0008
:100750000040e9002ae8b7002ac8bf000004e00012
:1007600003003a00200020000c2f07004200370051
:100770009a24a80020002000404188003e00370055
:1007800090418000904078008180fb00b124880077
:100790000000e8009041880037003700f124800015
:1007a00000002800008060000000e0000900320026
:1007b00010be2000104078008040e80010be2000ed
:1007c0000148780040002000f42e07009fe4a900b3
:1007d000290037009a64a80080002000404188006a
:1007e0002500370080002000404188009a64a8005e
:1007f0002100370090418000a124800081407800d2
:10080000014878000000e8009041880034c8bf002b
:100810000040e90034e8b70034c8bf000004e0003d
:10082000040032009aa4a900600020004041880022
:10083000020037009aa4a800c72e07009a84a800d7
:100840000d00370020002000d42e07000a003700da
:1008500010be2000104078008040e80010be20004c
:100860000148780060002000cc2e07000000000046
:1008700001003700000000000080fa004f03be00b6
:100880004f02be004f01be004f00be003600f9000f
:10089000004006003600f800809fbe00829fbe0028
:1008a000849fbe00869fbe000000fa008020a90041
:1008b0000000eb00673d07000080fa004f03be0018
:1008c0004f02be004f01be004f00be003600f900cf
:1008d000004006003600f800809fbe00829fbe00e8
:1008e000849fbe00869fbe000000fa00603d0700a6
:1008f0008040a90010002000563d07000080fa004b
:100900004f03be004f02be004f01be004f00be00ad
:100910003600f900004006003600f800809fbe0057
:10092000829fbe00849fbe00869fbe000000fa002a
:100930008060a90020002000463d07000080fa00ea
:100940004f03be004f02be004f01be004f00be006d
:100950003600f900004006003600f800809fbe0017
:10096000829fbe00849fbe00869fbe000000fa00ea
:100970008080a90030002000363d07000080fa008a
:100980004f03be004f02be004f01be004f00be002d
:100990003600f900004006003600f800809fbe00d7
:1009a000829fbe00849fbe00869fbe000000fa00aa
:1009b0008600a90070002000263d07000080fa0094
:1009c0004f03be004f02be004f01be004f00be00ed
:1009d0003600f90000400600809fbe000000fa00cb
:1009e000e0428000f142800061004000e080480069
:1009f000e0428800f14288008860a9000080fa0087
:100a00004f00be0000400600809fbe000000fa00bc
:100a1000004380001143800061004000e0804800f6
:100a2000004388001143880088e0a9000080fa0094
:100a30004f00be00004006000040da000000fe004b
:100a4000000005006011b800920137006022b80074
:100a5000060220000000d0008180d2000482d20073
:100a60008582d2000000a0000202520083825a0058
:100a7000030031000202420083824a000000a1000c
:100a80000603e900f3ff3a0000000600efff07004d
:100a90000400be0000000600889fbe008a9fbe00c2
:100aa0008c9fbe001b0020000202be00058668006d
:100ab00006002800060666004709de00f20fb200b5
:100ac000820032000243e80080003200c729de00c5
:100ad000f30fb2007d0032000343e8007b003200d8
:100ae000f107b2000170a000f507b2000570a00088
:100af000c708dd004903de00868070004700dd0086
:100b0000c72add004923de00868272004722dd000d
:100b10000305510004035000858358000300310091
:100b200000004000818048000a05e9008c1f780021
:100b30008a9fbe00040050008580580004024200d5
:100b400085824a0000004000818048000005eb00db
:100b50000004be006033b8000406be000d48e1008a
:100b600056003100110009004dccd8000c01b8002e
:100b70000d02b8008481410060824a0082835300e4
:100b800003045c0084845c0060055d000a00e000f2
:100b900025003a00800578000d40e1004900310051
:100ba0008800780007007800110009004d88d800ff
:100bb0000c01b8000d02b8008481410060824a0037
:100bc0006003110083835b0004045c00e0845c002c
:100bd0000900e00021003a004f01be000300e000e0
:100be0002b003200e3016000070673008c81710066
:100bf00001003200640070004200de004e5edd0045
:100c00000c007000c258de0001e0a0009b0007004d
:100c1000cf017800818071004f06be004f05be00f5
:100c20004f04be00000006008c8343000d044c00fe
:100c3000e0844c0060054d000000e9000a00e0007f
:100c4000d4ff32008c8343000d044c00e0844c0040
:100c500060054d000000e900ceff37000c034300a3
:100c60008d834b0060044c00e0844c000000e900e0
:100c70000900e000d8ff32000c0343008d834b00d5
:100c800060044c00e0844c000000e900d2ff370013
:100c90004200de004e5edd000c007000c258de0037
:100ca00001e0a000cf0178000300e000daff32008d
:100cb00060001000e0801800d7ff3700f0ff2f0021
:100cc000aaff3700f0ff2f00b9ff37000404be0071
:100cd00050000700870678000004fd008104fd0035
:100ce0004c000700078366000678a300030032006b
:100cf0000960a7000800be002c0037000d78a30093
:100d0000020032000800be00280037000778a30068
:100d100026003a0001f0a10009f0a1000668a30036
:100d200003003200f1ff2700f0ff2f00baff370069
:100d30000d68a300030032000800be008c80700024
:100d4000b5ff37000768a30007003a000648a30074
:100d500003003200f1ff2700f0ff2f00aeff370045
:100d60000d48a300030032006000b8008c807000c2
:100d7000a9ff37000748a3000400320001f827004c
:100d8000000020008c807000a3ff37008e00070059
:100d90000004fd008104fd00020578008a000700c0
:100da0000802be008a01780059ff37000160a000e8
:100db000120220007245880097ff37000100e00012
:100dc000120032000500e00010003200889fbe00d3
:100dd0008a9fbe008c9fbe000006eb0001f8a300b6
:100de0000300320060001000e08018000cf0a0004a
:100df00005f8a3000300320060021200e0821a002e
:100e00000cf0a2008005eb0041ff37006000b80045
:100e1000020005002700200001f0a70017002000b5
:100e2000470bde00f60fb200040032000643e80074
:100e30000a0032004702b3000000060001037800f8
:100e4000f607b2000603700002003a000703b30081
:100e5000000006008702b3000000060001037800ce
:100e6000f607b20006037000020032000770a0000f
:100e7000000006000760a00000000600810170006d
:100e8000270032008002eb0001f8a30003003200cb
:100e900060001000e080180015002000f40720001a
:100ea0000202420020003400f703200087036000a4
:100eb0000604200000036300020820000001610016
:100ec0004700de00c909dd0000807100c708de00b0
:100ed0000600e000080032008703710006003200bf
:100ee0001000b0000180b0000188a30002003200b1
:100ef000c108de000402e800f107b200f30f200091
:100f00000320e10003003d004722dd008100720064
:100f10002900370001f827000000eb002600370009
:100f20006000b80000000600680212007f20e100a7
:100f3000020034006000b8001f0037006011b800e4
:100f40007020e10004003500800178000100780085
:100f50008000eb00700252000400e0000900340041
:100f6000f00312000719dd008419de000703dd001d
:100f7000868171000400de00070bdd0006007000b2
:100f80008408de00f7ff2700838363008703710076
:100f90000600280003036300070032000700e0009a
:100fa00003003a0061016000028173000200320018
:100fb0001000b0000180b0000500a600000006008f
:100fc00001f0a000000006004f0ade004709de0025
:100fd000f107b200f20fb2000b003200f207b100cd
:100fe0000170a000c708dd00c901de008380700029
:100ff0004700dd000400a6000000060060001000ad
:10100000e080180000000600810f700001003a0027
:10101000000006008182cf000500e00010003e00c5
:101020008082cf00ee8242007028e1000400390087
:1010300007003e00800078000000eb000e00370043
:10104000708312008600de000500dd000a00370014
:10105000708352008600dd000000eb0006003700c0
:10106000e28252008508dd00708312000603de0074
:10107000868070000500dd007507b0000501ea00fc
:101080000400a6000000060060001000e0801800c8
:1010900000000600889fbe008a9fbe00008270008c
:1010a0000402710004827100260032000004be00b8
:1010b0000200be006011b8006b09200095022000fc
:1010c0000182cf000a0039000541b1000082cf0043
:1010d000070039000541b1000982cf000400390042
:1010e0000541b1000882cf00010039000541b1007f
:1010f00005425200120032000a003b00828171005a
:10110000610164008100d1000080d3008984d30094
:101110000884d3008b05e8000442e800f7ff3a009a
:10112000070037000804440089844c000000480090
:10113000818048008b05e9000442e900f9ff3a008c
:10114000030007004f05be004f04be00000006006c
:1011500081002000618055000b003d000b00200045
:1011600061fe2f000100e1001d003400828171004a
:10117000610164008904d1000884d3000000e80004
:10118000faff3a0071002000610064000300700063
:10119000020060000900320061044400e0844c0059
:1011a0000988a500050032008b05e8006808e10009
:1011b00002003a008904d1000884d300f20f200015
:1011c0000258e10005003d00c75ddd00f907b200ef
:1011d0008980750008007800000006000bf82700e1
:1011e0008b007800000005000000fa0068815700bd
:1011f000cfb89700720207000080fa0000000600d6
:1012000096000700ee000700220107009e0107007c
:10121000c6010700c20207006d0237000000fa0095
:1012200068815700cfb89700650207000080fa0078
:101230000000060089000700e10007009201070096
:10124000ba01070013010700b5020700600237006a
:10125000889fbe008a9fbe00800478000200e000e4
:101260005b00320001407800814c780082814400ac
:10127000f1f99f00e20f51005500360091449800ab
:10128000a1449800e1f99f00d1f99f00e60f5100b9
:101290004f003600b1449800c1f99f00e80f51009b
:1012a0004b0036000905ea00630565000a84440026
:1012b0000a055100c1ff2f00010565000080fb00f9
:1012c0008000eb001210200013102000be05070064
:1012d000008cbe000a01440060b99f0071b99f00f4
:1012e000e80f55003a0036002004980031049800b9
:1012f000400498005104980020b99f0031b99f0024
:1013000040b99f0051b99f00f80f550030003600da
:101310006004980071049800000c9800110c98006b
:10132000200c9800310c9800400c9800510c98004b
:1013300020b19f0031b19f0040b19f0051b19f008b
:1013400060b19f0071b19f0000b99f0011b99f006b
:101350006401640078014100020444000205550064
:101360006011b8000203be000002be000403be000c
:101370006022b800000072008180720002017300d8
:101380008381730010003700009cbe000294be00f1
:101390004004980051049800620498007304980077
:1013a000000c9800110c9800220c9800330c980047
:1013b000400c9800510c9800620c9800730c980037
:1013c0000a02b1000802b000ff0f5500eeff3e0018
:1013d000090078004f05be004f04be000000060063
:1013e00080007800040037003104e00002003a0079
:1013f0000000510000000600010178000108a30070
:10140000f9ff3a008101780031017800f4ef2f00f4
:10141000020242000281ea00020162000408280080
:1014200004016100f7ff32008300780001017800b9
:101430003104e000fdff3a0000005100000006000a
:10144000881f7800000478000800780095040700e1
:10145000080078004f04780000000600ec87470081
:10146000889fbe008a9fbe008c9fbe008e1f7800a2
:101470000006780001047800180790002805900005
:1014800098067800cdb79f00b80590003202be00e4
:101490002203be000400be000601be004f18de009d
:1014a0006011b8008000eb00d0b79f00e1b79f004b
:1014b000f2b79f0083bf9f00800478000900e0001e
:1014c000060032006000b8006011b800040250004d
:1014d0008582580006035900878359000e00e000fa
:1014e000020035000d10a100cdb79f000900e000fb
:1014f00005003a004fb097000028a30002003a0010
:101500000038a300020032008a00e9000100370021
:101510008a007800f8815700a200200008007800b7
:10152000860007000900e00003003a00cfb09700f2
:101530000128a300080032000000e90000814500f6
:10154000b1c2b3000900e00001003200d1c2b30013
:1015500001497800050037000138a300030032007c
:101560000000e90001c2b3008175780048019000d5
:101570000201e90000015100808045004fb2970050
:101580008a0178000c007800300207009c0090006f
:101590000188a3000400320098009000810f5000e1
:1015a00001003d00010078004f0778004f06be00a3
:1015b0004f05be004f04be00cf00b1000000060082
:1015c0000200fa00889fbe008a9fbe008005780056
:1015d00001047800020078001801900028059000ae
:1015e00098007800b1bf9f00b80490000200e000ae
:1015f000020035000110a100b1bf9f00ea81570031
:10160000820020008a0078003002be002003be0065
:1016100008007800490007003fb99700f00061001a
:10162000030032000000e90001c3b30081747800b8
:101630003fb99700e8006100030032000000e900b4
:1016400001c2b30081747800480190000201e900f2
:1016500000015100808044003fba97008a01780061
:101660000b007800f90107009b0090000188a3009f
:101670000400320098009000810f500001003d00ee
:10168000010078004f05be004f04be000080fa0044
:1016900000000600ea874700889fbe008a9fbe00c0
:1016a0008e1f7800000478000300780072875700ce
:1016b00084e2260055c72600049fbe00c396220080
:1016c000030f78006c875700004feb001105900066
:1016d000a1049000910578000200e00002003200b1
:1016e0000207780001003700728757000000e00011
:1016f00002003a000e00780039ff07000a00e000ff
:10170000030035008a0f5000010036000a007800ff
:101710000b02780089017800000178008e007800c3
:1017200008007800c90107004f0778004f05be0088
:101730004f04be00af00b10000000600f487470070
:10174000889fbe008a9fbe008c9fbe008e1f7800bf
:101750000605be000404be0081bf9f0082b79f0043
:10176000f3b79f00b0009000e1b79f00130178002d
:1017700092b79f0090069000400090000000e900a2
:10178000000678000d00e00001003d001d00200073
:101790008040eb00efb19700817178001e002000bf
:1017a0001f0037000c06e9000fb09700cf80de0065
:1017b0006109b900a0b79f00b1b79f00c2b79f00f1
:1017c000d3b79f000203be000002be000800be00a7
:1017d0000a01be0022050700000778000e407800cd
:1017e0000043b000efb0970080707e008d06e900e6
:1017f0000fb997000201e90082bf9f002fb2970046
:10180000bfb297004fb39700dfb397000800be0048
:101810000a01be000b0507000205be000004be0061
:101820000c00e0000d003400e00f5400e08f5c007d
:10183000e00f5d00e08f5d00daff3a000d00e00090
:10184000d8ff3c008fb997000300e000030034008c
:101850001fb097000018a300d2ff3a000e00e0006e
:1018600002003a00ffb097001140a1000c00780080
:101870004f0778004f06be004f05be004f04be0064
:101880004f01b100000006000200fa00889fbe0070
:101890008a9fbe00000578000104780002007800ed
:1018a00018019000a804900098007800b1bf9f0034
:1018b000b80590000200e000020035000110a10010
:1018c000b1bf9f00ea815700a20020008900780084
:1018d0003002be002003be000800780097ff07001a
:1018e000480190000201e90000015100808045009c
:1018f0003fba9700890178000a0078005301070079
:101900009a0090000188a300040032009800900023
:10191000810f500001003d00010078004f05be001e
:101920004f04be000080fa0000000600fa8747005e
:10193000889fbe008a9fbe008c9fbe008e1f7800cd
:101940008004780001047800820578001801900076
:101950002805900018077800b80090000200e00009
:10196000020035000e10a100010037001200200017
:1019700070006700e0b79f00090032003b02be0024
:101980002b03be00e00f5200e08f5a00e00f5b0017
:10199000e08f5b00020032008a86e9000100370018
:1019a0008a067800e8026700f5b79f000100320060
:1019b0008d06e9003b02be002b03be00e4af9f0092
:1019c000f5af9f0086b79f0097b79f00480690002d
:1019d0000c06e9000040eb0080707e00efb297003b
:1019e0007fb297008903780081047800d8af9f0008
:1019f000020478008bbf9f008a05780003457800b9
:101a00002a0037000c06e9006fab97006f006300f7
:101a1000e90f500002003c000003b0000100370055
:101a20007005b0000a03fb001604b100f90f530063
:101a30000c003e00000378000650a0001606b1001e
:101a4000f90f530007003e00b4b79f00a5b79f00f1
:101a5000c7b79f004f030700cfb39700afb29700ff
:101a60003fb2970080747e000804e9008d06e9000b
:101a70006fa89700ffa897000fb197009fb197003c
:101a8000460020008301d1000281d3008180d30071
:101a90000080d3000603e900faff3a00e0af9f00a0
:101aa000f1af9f0082b79f0093b79f00e10f5600f0
:101ab0000f0034006fa89700ffa897000fb19700a0
:101ac0009fb19700e00f5000e08f5800e00f5900e1
:101ad000e08f5900cbff3a000800e000c9ff3c004e
:101ae0000d00e000020034000e18a300c5ff3a000c
:101af00089007800f4b79f00870478005fac9700f6
:101b00008a4178000b0578008fbd97000500e00042
:101b1000100032003b02be002b03be00e4af9f006a
:101b2000f5af9f0086b79f0097b79f00e00f520068
:101b3000e08f5a00e00f5b00e08f5b000500320091
:101b40000c06e90083707e000c06e90000c3b300b8
:101b500080707e00ffb297000500e00003003200b5
:101b60000c06e90000c2b30080707e0048019000be
:101b70000201e9000c0151008c8040000e02780047
:101b80008a01780009007800b000070099009000f1
:101b90000188a3000400320098009000810f5000db
:101ba00001003d00010078004f0778004f06be009d
:101bb0004f05be004f04be00af01b100000006009b
:101bc0008201780001017800f1ff2700f802370058
:101bd00084082000848f50001d0032000d003c005e
:101be00014082000848f50002700320002003c00bf
:101bf000040820000400370024082000848f5000cf
:101c00003400320044082000848f500043003a0022
:101c100036003700040a2000848f5000270032006d
:101c200004003c0004092000848f50003b003a006f
:101c300028003700020c2000828f50002f00320055
:101c4000020f2000828f500034003a002b00370032
:101c50009380e9000200e00005003200810978006d
:101c60001102fb00cfa2de00612bb9002800370073
:101c700081097800114278000482fb008002eb00a9
:101c80006033b8002200370013027800e4005200ed
:101c90000200e00005003200810978001102be0058
:101ca0004fabde0086037800190037008109780009
:101cb0001102be006033b800150037009380e900c0
:101cc0008109780011027800cfa2de00612bb900f3
:101cd0000f00370093027800e880520081097800f5
:101ce0003102be002103be00090037009380e900e5
:101cf0000200e00002003200f1ff37009380e900ab
:101d000081097800110278008002eb006033b8008e
:101d10000498be000690be001000050000000500fb
:101d200044082000848f50002500320008003c0049
:101d300014082000848f5000140032002408200072
:101d4000848f500024003200040820000c0037006b
:101d500004092000848f50001f00320004003c0062
:101d600084082000848f500024003a000e003700c1
:101d7000040a2000848f500011003200040c20005f
:101d8000848f50001d003a000d0037009380e90059
:101d9000810978009100780001087800cf91de0079
:101da0008288be00140037009380e9008109780022
:101db0009100780001087800824878000e00370012
:101dc0009380e9008109780091007800010878008b
:101dd00082087800080037009380e90081097800c4
:101de00091007800010878006112b900612bb900f8
:101df0008498be008690be0010000500000005001b
:101e0000889fbe000004780048009000820478009b
:101e1000808f5400010036008004780009017800aa
:101e20005800900018020700580090000900400078
:101e300050049800c800900089845000490498001c
:101e40000048eb004f04be0000000600f287470088
:101e5000889fbe008a9fbe008c9fbe008e1f7800a8
:101e6000800478000105780002047800830578007a
:101e70006107620002003a008b0f5400080039002d
:101e8000080178008a00780009007800dcff07006c
:101e90008b0f540002003900880578001e003700bf
:101ea000088655000c017800f00f5600010036003e
:101eb00002012000010220007e805700e4fc0700a0
:101ec0008c0678000500370002012000fe805700d4
:101ed00009007800caff0700f0865600ef8f560011
:101ee000f9ff3e004461de0000ff2f000091b900c1
:101ef00002014600fe80570009007800c0ff07007d
:101f00000e00e00004003a00080178008a00780022
:101f100009007800baff07000b0078004f0778002f
:101f20004f06be004f05be004f04be002f01b1009a
:101f3000000006000000050000000500000005008c
:101f4000000178000040eb008080fb0081804000b1
:101f5000a3bb200063c278000404e00003003a0041
:101f6000b0bb200060c0780000000600920178003d
:101f7000934f520004003a00b0bb200060c07800cc
:101f80000309e800010037000040e800ea4f500074
:101f9000edff360000000600f6874700889fbe0070
:101fa0008a9fbe008c9fbe008e1f780000057800bf
:101fb0000104780083057800040678000000eb0037
:101fc000c0b79f008080eb00d1b79f00e0b79f00b3
:101fd000f2b79f000008200080bf9f0098007800a3
:101fe000010078008004eb00010037008904e8005c
:101ff000304178000204e0000300320053c2b30015
:10200000834f5100f9ff3a000900e000040032005c
:10201000090178000a00780079ff0700188c440055
:102020001807780050c2b3009e4f10003f013a00dd
:102030000e07e8000e0c780010003700cfb09700b4
:102040000100a0000b003700cfb097000110a000e6
:1020500008003700cfb097000120a000050037002e
:10206000cfb097000130a00002003700cfb097003a
:102070000140a000c1b79f00000ce80018007800e4
:1020800090407800b2c2b30082cf5000f1ff32001e
:1020900007003c0002c2b30082cf5000f0ff3200c4
:1020a00032c2b30082cf500007003a00efff370082
:1020b000d2c2b30082cf5000e0ff320002c3b300af
:1020c00082cf5000e0ff3200a2c2b30082cf5000a6
:1020d0000d003a00000ce8001c80e900000e7800ba
:1020e00010007800e0b79f000000e0000f003d0006
:1020f000cfb097000100a200c1b79f000000ea0026
:10210000e0b79f000900370039010700e0b79f00e2
:1021100001003700000ce800180078009000fb0078
:102120000103b100e98f5000faff36004fb097006d
:102130000008a300020032000010a100c0b79f00f9
:1021400018007800e1c2b30090cf100016003a00ea
:102150008000eb00d1b79f000000e800000c780081
:10216000a1c2b30090cf100006003a00000ce800b6
:102170001c80e900000e780010007800d0b79f00a6
:10218000090037001a010700d0b79f00010037008f
:10219000000ce800180078009000fb000103b1007b
:1021a000e98f5000faff36000800780064ff07004e
:1021b00080467800180078001000fb006e010700d0
:1021c00091062000810f50003800320012003c00c0
:1021d00041062000810f5000340032000a003c000c
:1021e00011062000810f500020003200310620002f
:1021f000810f5000a000320051022000810f5000da
:10220000bc003a00b400370071062000810f500076
:10221000b8003c008800370001072000810f500003
:102220005c00320007003c00e1062000810f5000f6
:102230007a003200f1062000810f5000ad003a0014
:102240003900370051072000810f5000270032006d
:1022500081072000810f500042003200310720002a
:10226000810f5000a3003a008f0037008d80fb00e3
:102270000c01780000fe2f000f00400071010700e4
:102280000000e000a800320018007800000ce80010
:102290009041780002fe2f000f014100f8805700a6
:1022a0000a00780024ff07000e0037008d80fb0035
:1022b0008c0178001200200000fe2f000f0040006b
:1022c00043fe07000000e00097003200180ce80011
:1022d00002fe2f000f014100f88057000a0078002d
:1022e0005efc070080844400900037008d80fb0076
:1022f0008c0178000001eb0000fe2f000f00400071
:1023000033fe07000000e00087003200180ce800f0
:1023100002fe2f000f014100f88057000a007800ec
:1023200059fd0700efff37008d80fb008c0178001e
:102330000001eb0000fe2f000f00400024fe07000c
:102340000000e00078003200180ce80002fe2f00c8
:102350000f014100f88057000a00780098fc070040
:10236000e0ff37008d80fb008c0178000001eb005e
:1023700000fe2f000f00400015fe07000000e000e7
:102380006900320018007800000ce80090417800e5
:102390001c0037008c0178000001eb00010f2000c9
:1023a00000fe2f000f00400009fe07000000e000c3
:1023b0005d003200180ce8000fb097009fb0970046
:1023c0002fb19700bfb19700e00f5000e08f580089
:1023d000e00f5900e08f590009003a00cfb597008f
:1023e0006fb4970020bb2000fdfb07000b027800b4
:1023f000880178000001780021bb200047003700e9
:1024000083c7b30002fe2f000f014100f880570080
:102410000a00780045fd0700b2ff37000b81440039
:102420008d80fb008c01780000fe2f000f00400023
:102430003bfe07003c0037008d80fb000c0178005c
:1024400000fe2f000f004000fe0007000000e0002b
:102450003500320018007800000ce8009041780048
:1024600002fe2f000f014100f88057000a0078009b
:10247000b1fe07009bff370000c8b30080cf5600b5
:1024800029003a00180ce8001c80e900000e7800d2
:1024900010407800e0df9f0013002000e2fd2f00d5
:1024a0000f0141000800370000c8b30080cf56007c
:1024b0001d003a00180ce8001c80e900000e7800ae
:1024c0008001eb0010017800f88057000a007800c6
:1024d00070fc070083ff370000c8b30080cf5600b0
:1024e00011003a00180ce8004fb29700efb19700c6
:1024f000080037000e0c78000000eb00c0b79f000a
:10250000e0b79f000080eb00d0b79f000002eb0017
:10251000840178001200200081bb20000a007800ae
:102520004afe07006fff3700180ce800090078002a
:102530004f0778004f06be004f05be004f04be0097
:102540006f01b100000006008200fa00889fbe0003
:102550008a1f78000005780082047800c13f9f0040
:102560000004eb00100037000902780088017800b1
:10257000a2f72f000f01410081f72f008f8040004c
:102580000a00780084fe070008004000880f500011
:1025900004003d00b0042000506088000084eb007f
:1025a00004003700000478004f3897001004e00062
:1025b000edff3a00080078004f0578004f04be0098
:1025c0000080fa0000000600800078001000200063
:1025d00002022000828f500004003200e980500087
:1025e000e48f5000010036000000eb000000060000
:1025f000889fbe008a1f7800000578000a047800d2
:10260000984478000805e8000900fb00eeff070089
:102610000000e000f9ff3a00b0c2b30080cf5400e0
:1026200005003200d0c2b3008000eb0080cf540020
:1026300005003a00020037008000eb00010037007f
:10264000110020000804e8000000eb000300370040
:102650006a02b900020052000003b0003801fb001a
:1026600003fd2f0082814100e98f5100f8ff360001
:102670000100e00001003a000000ea004f05780088
:102680004f04be0000000600800178000200370001
:10269000b15978000201e9000200e000fcff3a00b5
:1026a00000000600881f7800810178000002780091
:1026b000808268000508a300020032002100370074
:1026c0000201e90003007800040478000308a30075
:1026d000070032000200e00021003200b340780021
:1026e000015a78000104e000f5ff3a0002003700cb
:1026f0000200e0001a0032001004e00003003a007b
:1027000017003700031c78000281e9008000780080
:10271000e10f510008003600b0017800f5ef2f00fe
:10272000838242000382ea000482620005082800d6
:1027300005026200f3ff3200080078000100370054
:102740000201e900000478000200e0000400320009
:10275000b1417800035878000304e000f8ff3a0024
:102760008000eb0008007800b9fa07000800780044
:102770004f04780000000600f1fb2f00808040002d
:10278000f98f500001003e000050a000000006003c
:10279000f9ff3700f1f92f0080804000f98f5000d9
:1027a00001003e00f005b20000000600f9ff37000e
:1027b000f28747008e1f780002027800030178003c
:1027c0000000e0000200320000077800010037003e
:1027d000728757008002eb000100e0000100320028
:1027e0008102e90070805700060009000018eb0024
:1027f0000080eb0080bf9f002310200093bf9f004c
:10280000aebf9f00b1bf9f00c5bf9f000100e000a9
:1028100003003d00b104200051608800060037002d
:10282000004feb00eebf9f00debf9f0084007800ea
:1028300070805700220007004f0778002f01b10079
:1028400000000600881f78000004780000082000bf
:10285000808f50001700350010082000808f500036
:102860000b00340030082000808f500011003a0027
:102870009200780068805000000978003002be00a5
:102880002003be00049cbe000694be000700370073
:102890009202780064805200000978001000be00a7
:1028a00015000700009cbe000294be00100020002e
:1028b000010037000000eb004f0478000000060024
:1028c0000200fa00881f780000047800e2bf9f0031
:1028d00064815700080078001bff070098009000f3
:1028e0000148a300010032000080eb004f04780093
:1028f0000080fa0000000600810378001d00070038
:102900000001be006000b8000478a30013003a0084
:102910006220e10015003e000d0039008301d10066
:102920000281d3008180d3008301d1000281d300d2
:102930008180d3008301d1000281d3008180d30044
:102940000538b000c42add00f300b20083817200b4
:1029500007f0a70003f0a0000000060083ff270097
:10296000020020006110b900f9ff370003ff2700c3
:10297000f7ff3700c70ade00f107b200f50fb2001b
:1029800008003200e1cf4200020032000170a000d6
:1029900024000500810f70000100320004080500ca
:1029a00044000500810f700002003a001400050089
:1029b0008502e9000000400081c04800fcff3b00a8
:1029c0000170a00024000500020ab900001bb90034
:1029d0000200b800810042008100430000000600b0
:1029e000889fbe008a9fbe0030044200b0844a0027
:1029f00030054b0090854b006000b1000898be0088
:102a00000a90be000440e10005c8e10006d0e100e4
:102a100007d8e10002003100680040001008e8001b
:102a20004f05be004f04be0000000600889fbe0098
:102a30008a9fbe003004be002005be00041854006a
:102a400005985c0006185d0007985d0011002000e5
:102a50000440e10005c8e10006d0e10007d8e1002c
:102a6000010039008000eb00108810004f05be0007
:102a70004f04be00000006001200fa00889fbe004e
:102a80008a9fbe008c9fbe00e0b79f00f1b79f00f9
:102a900082bf9f0093bf9f000605be000404be00d6
:102aa0000000eb00d0b79f00c0b79f00b0b79f00f9
:102ab000a0b79f0090b79f00000678005fb1970015
:102ac000cfb09700820141003fb097000200e000c4
:102ad00004003d00370007007e805700c0ff07005c
:102ae00003003700330007007e805700cfff070048
:102af000dfb697000d00e0000c0035006fb29700c4
:102b0000ffb297000fbb97009fbb970010002000fb
:102b1000010020006011b800000272008182720082
:102b200002037300838373001b0007000c06e80098
:102b300001042000810f5600e0ff3a000d00e00084
:102b400004003d000802be000a03be007e8057005c
:102b5000a3ff07005fa897000000e00005003a000f
:102b60001fb29700afb297003fb39700cfb3970063
:102b7000090007006fb09700ffb097000fb99700ea
:102b80009fb997004f06be004f05be004f04be0020
:102b90000080fa00000006000100070000000600a7
:102ba000a4b79f00b5b79f00c6b79f00d7b79f00d7
:102bb000000006004f09de0082817100b3b79f005c
:102bc0004f01de008180400082807000a1b79f002d
:102bd0008fb097004f09de00000040000200700037
:102be00090b79f007fa897004f01de0081804000d2
:102bf0008280700081b79f000d0007004f3ade0011
:102c00000000400004007000f0af9f0008000700c3
:102c10000402420085824a0006034b0087834b0072
:102c2000dfff07000802be000a03be000000060026
:102c30002fb29700bfb297004fb39700dfb3970052
:102c400000000600881f780018002000881f780008
:102c500089ff07008f87e9004f0478000000060015
:102c6000801feb0084ff07008f87e900000006004b
:102c7000889fbe008a9fbe00e00f5000e08f580082
:102c8000e00f5900e08f59000c003d006044b8008f
:102c90006055b8000000540081805c0002015d00b6
:102ca00083815d00180020001500070008003d002a
:102cb000180007000004eb00050037000004eb00db
:102cc0000f00070002003d0012000700180020005e
:102cd000dcff07000800e000060032006022b800b8
:102ce0006033b8000000520081805a0002015b008e
:102cf00083815b004f05be004f04be00000006004c
:102d0000e00f5200e08f5a00e00f5b00e08f5b00a5
:102d1000000006006044b8006055b800040254008a
:102d200085825c0006035d0087835d00000006006d
:102d3000889fbe008a9fbe008c1f7800e00f500065
:102d4000e08f5800e00f5900e08f59000d003d0062
:102d50006044b8006055b8000000540081805c00f9
:102d600002015d0083815d001c0020000820e1005d
:102d700009a8e1000ab0e1000bb8e1000d003d0038
:102d8000080037000006eb00e00f5200e08f5a0009
:102d9000e00f5b00e08f5b0006003d006044b80080
:102da0006055b8000402540085825c0006035d0093
:102db00087835d00aaff07000c00e00006003200d8
:102dc0006022b8006033b8000000520081805a00d1
:102dd00002015b0083815b004f0678004f05be0057
:082de0004f04be0000000600d4
:020000040000fa
:102de800ffff0000ffff0000ffff0000ffff0000e3
:102df800ff030000c0ff0000fffb0000dfff000032
:102e0800ff1b0000d8ff0000ffdb0000dbff000015
:102e1800ff1b0000d8ff0000fffb0000dfff0000e1
:102e2800ff030000c0ff0000ff3f0000fcff0000a0
:102e3800ff3f0000fcff0000ff0f0000f0ff000054
:102e4800ffff0000ffff0000ffff0000ffff000082
:102e5800ffff0000ffff0000ffff0000ffff000072
:102e6800ffff0000ffff0000ff1f0000f8ff000049
:102e7800ffef0000f7ff0000ff370000ecff000045
:102e8800ffdb0000dbff0000ffdb0000dbff0000d2
:102e9800ffdb0000dbff0000ffdb0000dbff0000c2
:102ea800ff5b0000dbff0000ff370000ecff0000c5
:102eb800ffef0000f7ff0000ff1f0000f8ff000011
:102ec800ffff0000ffff0000ffff0000ffff000002
:102ed800ffff0000ffff0000ffff0000ffff0000f2
:102ee800ffff0000ffff0000ff030000c0ff00001d
:102ef800ff9b0000d9ff0000fffb0000dfff000080
:102f0800ff030000c0ff0000ff9b0000d9ff000086
:102f1800ff9b0000d9ff0000fffb0000dfff00005f
:102f2800ff9b0000d9ff0000ff9b0000d9ff0000b5
:102f3800fffb0000dfff0000ff030000c0ff0000f0
:102f4800ffff0000ffff0000ffff0000ffff000081
:102f5800ffff0000ffff0000ffff0000ffff000071
:102f6800ffff0000ffff0000ffe70000e7ff000091
:102f7800ffc30000c3ff0000ffdb0000dbff000011
:102f8800fff70000efff0000ff1b0000d8ff000064
:102f9800ffdb0000dbff0000ffdb0000dbff0000c1
:102fa800ff1b0000d8ff0000fff70000efff000044
:102fb800ffcf0000f3ff0000ff1f0000f8ff000034
:102fc800ffbf0000fdff0000ffdf0000fbff000067
:102fd800ffff0000ffff0000ffff0000ffff0000f1
:102fe800fffd0000ffff0000ffe50000e7ff000015
:102ff800ffc30000c3ff0000ffdb0000dbff000091
:10300800fff70000efff0000ff1b0000d8ff0000e3
:10301800ffdb0000dbff0000ffdb0000dbff000040
:10302800ff1b0000d8ff0000fff70000efff0000c3
:10303800ffcf0000f3ff0000ff1f0000f8ff0000b3
:10304800ffbf0000fdff0000ffdf0000fbff0000e6
:10305800ffef0000f7ff0000ffff0000ffff000088
:10306800ffff0000ffff0000ff7f0000feff0000e1
:10307800ff3f0000fcff0000ff1f0000f8ff0000fa
:10308800ff070000e0ff0000ff030000c0ff000092
:10309800ff030000c0ff0000ff030000c0ff0000a6
:1030a800ff030000c0ff0000ff030000c0ff000096
:1030b800ff070000e0ff0000ff0f0000f0ff000026
:1030c800ff3f0000fcff0000ffff0000ffff0000c3
:1030d800ffff0000ffff0000ffff0000ffff0000f0
:1030e800ffff0000ffff0000ffc30000c3ff000058
:1030f800ffdb0000dbff0000ffdb0000dbff000060
:10310800ffc30000c3ff0000ffdb0000dfff00007b
:10311800ffdb0000dfff0000ffc30000c3ff00006b
:10312800ffff0000ffff0000ffcf0000f3ff0000db
:10313800ffcf0000f3ff0000ffcf0000f3ff000007
:10314800ffcf0000f3ff0000ffff0000ffff0000bb
:10315800ffff0000ffff0000ffff0000ffff00006f
:10316800ffff0000ffff0000ff830000c3ff000017
:10317800ffb70000dbff0000ffb70000dbff000027
:10318800ff830000c3ff0000ffdb0000dfff00003b
:10319800ffdb0000dfff0000ffc30000c3ff0000eb
:1031a800ffff0000ffff0000ffcf0000f3ff00005b
:1031b800ffcf0000f3ff0000ffcf0000f3ff000087
:1031c800ffcf0000f3ff0000ffff0000ffff00003b
:1031d800ffff0000ffff0000ffff0000ffff0000ef
:1031e800ffff0000ffff0000ff3f0000f0ff0000ae
:1031f800ffdf0000efff0000ffdf0000ecff000032
:10320800ffdf0000ecff0000ffdf0000efff000021
:10321800ff3f0000f0ff0000ffff0000ffff00007d
:10322800ff0f0000fcff0000fff70000fbff00009d
:10323800ff370000fbff0000ff370000fbff000026
:10324800fff70000fbff0000ff0f0000fcff00007d
:10325800ffff0000ffff0000ffff0000ffff00006e
:10326800ffff0000ffff0000ff1f0000f8ff000045
:10327800ffef0000f7ff0000ff370000ecff000041
:10328800ffdb0000dbff0000ff5b0000dbff00004e
:10329800ffdb0000dbff0000ffdb0000dbff0000be
:1032a800ff1b0000d8ff0000fff70000efff000041
:1032b800ffef0000f7ff0000ff1f0000f8ff00000d
:1032c800ffff0000ffff0000ffff0000ffff0000fe
:1032d800ffff0000ffff0000ffff0000ffff0000ee
:1032e800ffff0000ffff0000ff330000f3ff0000b6
:1032f800ff330000f3ff0000ffff0000ffff0000a6
:10330800ff330000f3ff0000ff330000f3ff00006d
:10331800ffff0000ffff0000ff330000f3ff000085
:10332800ff330000f3ff0000ffff0000ffff000075
:10333800ff330000f3ff0000ff330000f3ff00003d
:10334800ffff0000ffff0000ffff0000ffff00007d
:10335800ffff0000ffff0000ffff0000ffff00006d
:1033680044690000737000006c610000792000005f
:103378004d6f00006465000000540000696d000096
:1033880065200000466f0000726d00006174000047
:10339800005300006574000020540000696d0000af
:1033a80065000000536500007420000044610000bf
:1033b800746500000053000065740000204100009f
:1033c8006c610000726d0000004100006c6100003b
:1033d800726d0000204f00006e2f00004f66000045
:1033e80066000000504f00004d4f000020440000d0
:1033f8004f5200004f000000b49900000100000087
:10340800c199000002000000cd99000003000000ef
:10341800d699000004000000df99000005000000b4
:10342800e999000006000000f69900000700000076
:103438004469000067690000746100006c000000c6
:10344800416e0000616c00006f67000000420000e0
:10345800696e000061720000790000001c9a00008b
:10346800249a00002b9a0000313200002048000006
:103478006f75000072000000323400002048000020
:103488006f75000072000000389a0000409a000032
:10349800f4980000349900007499000074980000b2
:1034a800b4980000f4970000b49700004f4e000055
:1034b800004f000046460000004d0000454e000049
:1034c80055000000619a000020000000b00a0000ca
:1034d800000000002e69000072690000be0a0000aa
:1034e80044490000535000004c41000059000000be
:1034f800749a00001a0100004c9a0000329a0000e9
:103508000000000000000000ce0a0000464f000046
:10351800524d000041540000000000008a9a00004b
:103528001a010000529a0000489a000000000000aa
:1035380000000000de0a0000414c0000415200007b
:103548004d000000a09a00001a010000569a0000e1
:10355800000000000000000084690000ee0a00007e
:103568005f5f000005080000000000000000000088
:103578000000000000fa00000000000000e0000069
:1035880000e0000000280000fe280000fe280000df
:1035980024540000fe54000048c40000c810000075
:1035a800264600006c9200006a0400000a00000031
:1035b80010e00000c0000000003800004482000055
:1035c8000000000082440000380000005438000069
:1035d800fe38000054100000107c0000101000009d
:1035e800000000000e0c0000001000001010000089
:1035f8001010000000000000060600000004000093
:1036080008100000204000007c8a000092a2000000
:103618007c00000042fe0000020000004e92000004
:10362800929200006284000082920000b2cc0000f6
:103638001828000048fe000008e40000a2a20000cc
:10364800a29c00003c520000929200008c82000074
:103658008488000090e000006c92000092920000c4
:103668006c62000092920000947800000000000054
:103678002800000000000000022c000000000000ec
:1036880000100000284400008228000028280000bc
:103698002828000000820000442800001040000094
:1036a800809a0000906000007c820000ba9a0000b6
:1036b800723e000048880000483e0000fe9200006c
:1036c800929200006c7c000082820000824400001c
:1036d800fe820000828200007cfe000092920000c0
:1036e80092820000fe90000090900000807c000014
:1036f800828200008ace0000fe1000001010000038
:10370800fe00000082fe00008200000004020000ab
:1037180082fc000080fe00001028000044820000a7
:10372800fe0200000202000002fe00004038000015
:1037380040fe0000fe20000010080000fe7c000093
:1037480082820000827c0000fe90000090900000c1
:10375800607c0000828a0000847a0000fe900000ed
:10376800989400006264000092920000924c00005d
:10377800c0800000fe800000c0fc000002020000c3
:1037880002fc0000f804000002040000f8fc00003d
:10379800021c000002fc0000c628000010280000df
:1037a800c6c00000201e000020c00000869a00004d
:1037b80092b20000c2000000fe8200008282000077
:1037c8004020000010080000040000008282000071
:1037d80082fe00002040000080400000200200001f
:1037e800020200000202000000c00000e010000019
:1037f800000400002a2a00001c020000fe14000039
:10380800222200001c1c00002222000022140000ba
:103818001c22000022140000fe1c00002a2a0000be
:103828002a180000001000007e90000040300000c0
:103838004a4a0000523c0000fe1000002020000010
:103848001e00000022be000002000000040200006a
:1038580002bc000000fe0000081400002200000066
:1038680000820000fe020000003e0000201e000052
:10387800201e00003e100000202000001e1c00003a
:1038880022220000221c00003e1800002424000010
:103898001818000024240000183e00003e10000004
:1038a80020200000101200002a2a00002a2400000c
:1038b80020200000fc220000243c0000020200003e
:1038c800043e00003804000002040000383c0000f8
:1038d800020c0000023c0000221400000814000042
:1038e800223200000a0a00000a3c000022260000da
:1038f8002a32000022000000106c00008200000044
:1039080000000000fe00000000000000826c0000c3
:10391800100000004080000040200000400000002f
:103928002f1b0000311b0000331b0000351c00005a
:10393800371d0000391e00003b1f00003c2000001e
:103948003e2200003f2300004025000041270000e0
:1039580042290000432b0000432d0000432f0000a4
:103968004331000043330000423500004137000076
:10397800403900003f3b00003e3c00003c3e000058
:103988003b3f00003940000037410000354200004d
:1039980033430000314300002f4300002d43000053
:1039a8002b43000029420000274100002540000069
:1039b800233f0000223e0000203c00001f3b000087
:1039c8001e3900001d3700001c3500001b330000a5
:1039d8001b3100001b2f00001b2d00001b2b0000bb
:1039e8001c2900001d2700001e2500001f230000c1
:1039f8002022000022200000231f0000251e0000b6
:103a0800271d0000291c00002b1b00002d1b000097
:103a18002f0f0000320f000036100000391100008f
:103a28003c1200003f13000042150000441700003c
:103a3800471a0000491c00004b1f00004c220000e0
:103a48004d2500004e2800004f2c00004f2f00008d
:103a58004f3200004e3600004d3900004c3c00004b
:103a68004b3f000049420000474400004447000023
:103a7800424900003f4b00003c4c0000394d00001b
:103a8800364e0000324f00002f4f00002c4f000030
:103a9800284e0000254d0000224c00001f4b00005e
:103aa8001c4900001a470000174400001542000096
:103ab800133f0000123c00001139000010360000ce
:103ac8000f3200000f2f00000f2c000010280000fc
:103ad8001125000012220000131f0000151c000011
:103ae800171a00001a1700001c1500001f13000009
:103af8002212000025110000281000002c0f0000e1
:103b08002f09000033090000370a00003b0b0000b2
:103b18003e0c0000420e0000451000004813000053
:103b28004b1600004e190000501c000052200000e7
:103b38005323000054270000552b0000552f000088
:103b48005533000054370000533b0000523e00003c
:103b5800504200004e4500004b480000484b000012
:103b6800454e0000425000003e5200003b5300000a
:103b780037540000335500002f5500002b55000026
:103b88002754000023530000205200001c5000005e
:103b9800194e0000164b00001348000010450000a5
:103ba8000e4200000c3e00000b3b00000a370000ec
:103bb80009330000092f0000092b00000a27000024
:103bc8000b2300000c2000000e1c00001019000040
:103bd8001316000016130000191000001c0e000038
:103be800200c0000230b0000270a00002b0900000e
:103bf80025300000326400003a2500003032000011
:103c0800643a0000253000003264000000440000df
:103c18004542000055470000005000004f54000086
:103c280020250000347500002025000033750000b1
:103c380025250000004100005825000034640000dc
:103c480020410000592500003464000000410000b4
:103c58005a2500003464000000410000434300007e
:103c6800454c0000204500005252000000000000b2
:103c78004f4e0000004f0000464600000041000083
:103c88004c20000025300000326400003a25000076
:103c9800303200006420000025730000005300004b
:103ca800323d0000414c0000415200004d00000030
:103cb80025300000326400003a2500003032000050
:103cc800643a00002530000032640000005400000f
:103cd800494d000045000000253000003264000016
:103ce8003a25000030320000640000004441000022
:103cf800544500000025000030320000642f000009
:103d08002530000032640000005000004f4d0000d4
:103d18004f000000572500003032000064200000ea
:103d2800422500003032000064000000414c0000d1
:103d3800415200004d0000002530000032640000b0
:103d4800004300006f6d0000696e000067200000ee
:103d5800536f00006f6e00000000000000000000bc
:103d6800ff00000000450000ff00000000a5000063
:103d7800ff00000000d70000ff00000000ff000067
:103d8800ff0000002fff0000ad00000000ff000052
:103d9800000000007fff000000000000ffbf0000df
:103da80000000000ff00000000000000e22b0000ff
:103db8008a000000800000008000000093140000ca
:103dc800ff000000574f0000524b00000042000067
:103dd80052450000414b0000004c00004f4e0000cf
:103de800470000005245000041440000590000000f
:103df8002530000032640000003a00000050000046
:103e080041550000534500004400000038340000cc
:103e180032310000000000009e8d00009e8d0000e1
:103e28003ecd00003ecd0000ffb50000ffb500000c
:103e38004d0000005300000048000000253000003d
:103e480032640000005000004d000000414d0000a9
:103e5800003a0000000000002001000000000000ff
:103e680000000000200100000f000000000000001a
:103e78001f1c00001f1e00001f1e00001f1f000047
:103e88001e1f00001e1f00002530000032640000c5
:0c3e98002f250000303200006400000004
:020000040000fa
:103ea4000200fa00004f7800114798009e80fb0042
:103eb400c00320000088b900800078001e409000f4
:103ec4000080fb0000017800110009008200d80086
:103ed400004078000080fa00000006001200fa009a
:103ee400204f9800314f9800424f98007307980074
:103ef400040f9800be4890002e489000e8ff070089
:103f0400004f78001e80fb000000400041d82900cb
:103f1400614078000000fb00f002b1001007980037
:103f24001e80fb00000040000000e80041d829008a
:103f3400614078000000fb00f002b1002007980007
:103f44004e4890008080fb001e0090000088b9005d
:103f54008000780060022000000178001100090050
:103f64008200d800300798004e4890008080fb0003
:103f74002e0090000088b9008000780060022000c4
:103f840000017800110009008200d8004007980061
:103f94003e009000f1022000808040007e009000ee
:103fa400010878004e00900041032000808040000a
:103fb4000e089000010878000080fa000000060056
:103fc4002a00fa00401798004e10900003f50700ed
:103fd4003007980070c0b300004f78001e4078008e
:103fe400eb4f500002003600b0c0b300004f780021
:103ff4000040eb00005798000040eb00405f980041
:104004009e80fb003e009000808f50000700390026
:1040140070004700b2002000ce10900007f50700a2
:104024000040eb00305f98003e0037000000eb00da
:10403400100798000000eb00200798000c003700e0
:10404400ce1090002e009000008040009040780038
:1040540000c2b30080cf500002003a00ae009000ce
:10406400110798002e0090000000e8002007980037
:10407400ae0090003e009000808f5000040031009c
:104084009e80fb002e009000808f5000ecff3e00cd
:104094001e0090000000e000040032009e80fb003f
:1040a4001e009000808f500002003e001e80fb0026
:1040b40010079800700047001e019000ce10900079
:1040c400def40700f00047001e009000008040006e
:1040d4008040eb0001487800030037001e00900088
:1040e4000000e80010079800ce1090001e00900019
:1040f400008040009040780000c2b30080cf5000a0
:10410400f6ff3200ce1090001e0090008080400028
:104114007c004700b2002000c8f407000040eb0018
:104124007067980070004700acf407000040780006
:104134006600b90000007800004f98007c0047003a
:10414400a6f40700004078006600b900000078007b
:10415400104f98008e4890001e489000814f5000e8
:10416400010031000140780068404000204f980071
:104174004e5890000004e0000200320020c1b30059
:1041840001003700c0c0b300304f98002e489000a3
:104194000080fb000000d10000407800f1c2b300b1
:1041a40000c05000404f98003e4890000080fb0043
:1041b4000000d1000040780041c3b30000c05000ab
:1041c400504f98002e4890000080fb000000d10062
:1041d40000407800f042b000604f98003e489000e4
:1041e4000080fb000000d100004078004043b00094
:1041f400704f9800640e2200fe4990006e499000b2
:10420400de4890004e4890009f0707004e589000eb
:104214000004e0000e003a00f00047000e48900051
:104224000080fb000000d10000407800f2c2b3001f
:1042340000405100e5d928000102780013c0b30002
:1042440012c0b30011c3b300150807001a003700e9
:10425400f00047000e4890000080fb000000d100f1
:1042640000407800f2c2b30000405100e5d92800b4
:104274000102780013c0b30012c0b300d1c2b3006e
:1042840007080700fc0047001e4890000080fb0060
:104294000000d10000407800f2c2b3000040510099
:1042a400e5d928000102780013c0b30012c0b3009e
:1042b40051c3b300fa0707000080fa0000000600ab
:1042c4000200fa00000f7800640e2200b3c0b300ad
:1042d400f2c5b30011c0b3000040eb006a07070049
:1042e4001e007800f55f2b000002780013c0b300b5
:1042f40012c0b30011c0b30020c0b300e807070028
:104304000080fa00000006000c00fa008e2d070061
:10431400000f78001e007800a040900080b42000b8
:104324001040780080cf50002a003200640e220032
:10433400b3c0b300f2c5b30011c0b300f0c2b30000
:10434400510707001e007800204090008081fb0088
:104354001e007800104090000081fb001e007800d1
:10436400104078008080fb000e80e800831f7800f6
:10437400821f7800811f7800c1e52900811f780021
:10438400a5f30700e88757000e80e80005b926006a
:104394000002780013c0b30012c0b30011c0b30010
:1043a40000c3b300be0707001e00780061b42000fc
:1043b400904878008100e8000000e8009048780008
:1043c4008100e8000000e800904878008100e800df
:1043d4000000e8000080fa00000006000c00fa006b
:1043e400592d0700000f7800640e2200b3c0b300fb
:1043f400f2c5b30011c0b300f0c2b3002207070036
:104404001e007800204090008081fb001e00780090
:10441400104090000081fb001e00780010407800de
:104424008080fb000e80e800831f7800821f7800e4
:10443400811f7800c1e52900811f780076f3070009
:10444400e88757000e80e80005b9260000027800ce
:1044540013c0b30012c0b30011c0b30000c3b30053
:104464008f0707001e00780061b420009048780090
:104474008100e8000000e800904878008100e8002e
:104484000000e800904878008100e8000000e8009f
:104494000080fa00000006000800fa006047980057
:1044a40071479800604580000000e0004900320038
:1044b40060458000a040900060458000600090004e
:1044c40010407800e40147000e81e8000302780000
:1044d4008201780001417800804078006e409000ad
:1044e4007efe070060458000400090000000e00070
:1044f4000500320060458000c00090006e409000ce
:10450400010001000700370060458000a000900012
:104514006e4090000080fb000000400000804000de
:1045240010007800000f78007e4090000004e00046
:10453400140032002e009000804078001e0090008d
:1045440000407800e3d92800b2c0b3003e0507005c
:104554002e00900000407800e84050001e009000bb
:10456400004078007040500006c1b3009e027800fd
:1045740014c0b30013c0b300620e22006b0707001f
:10458400150037002e009000804078001e00900037
:1045940000407800630e2200b2c0b3002a05070071
:1045a4002e00900000407800e84050001e0090006b
:1045b400004078007040500006c1b3009e027800ad
:1045c40014c0b30013c0b30002b926005707070094
:1045d40001003700000000000080fa00000006001f
:1045e4000400fa0020479800604580000000e000c5
:1045f4001400320060458000500090000000e0008c
:104604000500320060458000d00090002e409000ec
:10461400010001000700370060458000b0009000f1
:104624002e4090000080fb0000004000008040000d
:1046340010007800000f78001e00780060fe07006c
:1046440001003700000000000080fa0000000600ae
:104654000200fa00000f78009e007800614588008f
:104664001e00780060009000e124220011009800f0
:104674001e00780060009000212f22002100980085
:10468400640e2200f3c5b300f2c5b300c1c0b30089
:104694000040eb007c0607001e0078001000780044
:1046a40007ff07004dff07001e0078003040900010
:1046b4000004e00005003200630e220062c1b30072
:1046c40041c3b300f0c2b300df0407001e0078004a
:1046d40060009000021b07000080fa000000060042
:1046e4000200fa00000f78009e00780061458800ff
:1046f4001e00780060009000e12422001100980060
:104704001e00780060009000212f220021009800f4
:104714001e007800600090002d1b07000080fa0046
:10472400000006000a00fa00000f780021479800f4
:104734002207980033079800440798001e00780069
:10474400e30f5000030032001e007800e50f500014
:1047540017003a002e4090000004e0000a003a00de
:104764002e00900081c1b300014878003e00900003
:1047740021c0b300014878004e0090008040eb0057
:10478400014878003a0037002e009000c1c3b300fe
:10479400014878003e00900051c0b3000148780001
:1047a4004e0090008040eb00014878003000370054
:1047b4001e007800e40f500017003a002e409000cd
:1047c4000004e0000a003a002e009000f1c1b3009a
:1047d400014878003e00900051c0b30001487800c1
:1047e4004e00900011c0b30001487800200037004b
:1047f4002e009000c1c0b300014878003e00900034
:1048040011c0b300014878004e00900011c0b300fd
:1048140001487800160037002e4090000004e000a4
:104824000a003a002e009000c1c3b300014878008a
:104834003e00900051c0b300014878004e00900043
:1048440011c0b30001487800090037002e00900021
:10485400e1c1b300014878003e00900051c0b300ac
:10486400014878004e00900011c0b3000148780060
:104874000080fa00000006000600fa00000f78002d
:1048840021479800324798004347980054479800be
:104894003e4090008080fb005e4090000080fb0062
:1048a40000017800110009008280d8008000fd001a
:1048b400004078000004e000020032000040eb00f9
:1048c4000f0037001e007800e40f50000b003a0080
:1048d4002e4090000004e00008003a004e40900092
:1048e400ff4f500005003a003e409000fe4f50003c
:1048f40002003a000040eb000100370010c0b30092
:104904000080fa00000006000a00fa002007980060
:1049140031079800420798000b2c0700000f78001d
:104924001e007800d0509000214798002e0090007f
:10493400e30f50002f003a003e009000b1e629003a
:10494400010878002e4090000004e0000e003a00b8
:104954003e00900081c1b300214098003e009000c9
:1049640021c0b300314098003e0090008040eb002d
:1049740041409800c0b32000904078003e00900071
:10498400514098000d0037003e009000c1c3b300b1
:10499400214098003e00900051c0b300314098007f
:1049a4003e0090008040eb0041409800d0b32000ce
:1049b400904078003e00900051409800d0b3200011
:1049c400104078008080fb00c0b3200010407800c5
:1049d4000080fb00811f7800801f780000e7290019
:1049e400801f78004e0090000bf20700e687570006
:1049f400920037002e009000e40f500031003a007e
:104a04003e009000a1e72900010878002e409000a4
:104a14000004e0000f003a003e009000f1c1b30032
:104a2400214098003e00900051c0b30031409800ee
:104a34003e00900011c0b3004140980000b4200033
:104a4400104078008040e9003e00900051409800fa
:104a54000e0037003e009000c1c0b3002140980012
:104a64003e00900011c0b300314098003e00900019
:104a740011c0b3004140980010b4200010407800e9
:104a84008040e9003e0090005140980010b420009e
:104a9400104078008080fb0000b4200010407800b3
:104aa4000080fb00811f7800801f7800f0e7290058
:104ab400801f78004e009000d7f10700e68757006a
:104ac4005e0037002e009000e70f50002d003a00e2
:104ad4003e00900091e82900010878002e409000e3
:104ae4000004e0000e003a003e009000c1c3b30091
:104af400214098003e00900051c0b300314098001e
:104b04003e00900011c0b3004140980050c8bf005f
:104b14008040e9003e009000514098000d003700ad
:104b24003e009000e1c1b300214098003e00900097
:104b340051c0b300314098003e00900011c0b30052
:104b44004140980051c8bf008040e9003e009000f9
:104b54005140980051c8bf008080fb0050c8bf007e
:104b64000080fb00811f7800801f7800e0e82900a6
:104b7400801f78004e009000a7f10700e6875700d9
:104b84002e0037003e009000a1e9290001087800ba
:104b94002e4090000004e0000e003a003e00900019
:104ba40081c1b300214098003e00900021c0b300b1
:104bb400314098003e0090008040eb004140980056
:104bc40020b42000904078003e00900051409800ae
:104bd4000d0037003e009000c1c3b300214098008f
:104be4003e00900051c0b300314098003e00900058
:104bf4008040eb004140980030b4200090407800a1
:104c04003e0090005140980030b4200010407800dd
:104c14008080fb0020b42000104078000080fb005e
:104c2400811f7800801f780000e72900801f78002a
:104c34004e00900078f10700e68757000080fa00e4
:104c4400000006001000fa0060079800614f980009
:104c54000040eb001047980010c0b30020479800b4
:104c64000040eb0030479800630147008e80e80065
:104c74000e00e8000202780081017800000178004b
:104c8400ee4890006e009000a6fe07000040eb0086
:104c9400004f78002c003700ae4090001e4090007a
:104ca40001427800804178001e417800ee4890006f
:104cb4006e009000f0fe07000004a2000004e00073
:104cc4001f003a001e40900066014700e4004700c0
:104cd4000202780081017800e2c1b30080407800cc
:104ce4001e4078007dfc07003e4090001e404000be
:104cf4008080fb0068004700811f780001ea2900da
:104d0400811f780044f10700e487570068014700d9
:104d14003e00900000407800e34050002e009000d8
:104d2400004078006640500005b926000202780071
:104d340013c0b30012c0b3005905070001003700c7
:104d4400000000001e4fe8001e4090009e407800c6
:104d540080cf5000d0ff39000080fa000000060028
:104d64000400fa0070c1b300004f780050c2b300d1
:104d7400104798009e80fb001e4090000080fb00be
:104d840000804000cf00de00008040000080d100a1
:104d9400204798001e4090001e4050000040e8004c
:104da40030479800640e2200be4190002e419000ce
:104db40041c3b300f0c2b300ac0307000080fa00a3
:104dc400000006001000fa0040079800214f9800e8
:104dd400324f9800434f9800544f9800654f980005
:104de400764f9800be4890004e48900080cf500007
:104df4003b0032000e80e800000278008e0178004b
:104e0400e2c1b300de4890003e48900033fc070046
:104e14001e009000804078001e007800004078005a
:104e2400630e220022c0b300070307006e4a9000fd
:104e3400de4990003e499000ae4890004e0090003c
:104e44008dfe07000004e00016003200be4890000a
:104e54007e48900000c040008080fb006400470052
:104e6400811f780001ea2900811f7800eaf0070019
:104e7400e4875700640147001e009000004078005a
:104e8400e34050001e007800004078006640500067
:104e940005b926000202780013c0b30012c0b300a3
:104ea400ff0407000e80e800000278008e017800fd
:104eb400e2c1b300de4890004e48900007fc0700b2
:104ec4001e009000804078001e00780000407800aa
:104ed400e3d9280022c0b300db0207000100370039
:104ee400000000000080fa00000006001600fa002e
:104ef400200f980066004700000178008e007800bb
:104f04002e08900080fe0700640e2200f3c5b30053
:104f1400f2c5b300c1c0b3000040eb005a0407005f
:104f24001e007800e6fc07002cfd0700862a070017
:104f340050509000804078002e08900041ff0700f8
:104f4400660047001efc0700ae4090005e409000e3
:104f5400f2014700700147000302780082017800e3
:104f6400e2c1b300ddfb07001e089000804078001a
:104f74000e08900000407800e3d9280022c0b30056
:104f8400b10207005e40900013e8b7006e2a0700e4
:104f94005050900014e8b70010c0b30059e8b700af
:104fa4000080fa00000006001600fa00200f9800a6
:104fb40066004700000178008e0078002e089000fb
:104fc40051fe070066ff07005f2a0700505090005b
:104fd400804078002e0890001aff07006600470002
:104fe400f7fb0700ae4090005e409000f2014700de
:104ff400700147000302780082017800e2c1b30027
:10500400b6fb07001e089000804078000e08900050
:1050140000407800e3d9280022c0b3008a020700c8
:105024005e40900013e8b700472a070050509000f4
:1050340014e8b70010c0b30059e8b7000080fa00c4
:10504400000006001600fa00889fbe00200f98009a
:10505400ea004700640047000101780080007800fe
:105064002e08900028fe070059c8bf000004a200c3
:105074000004e00008003a0013c8bf00e14f4000fc
:1050840005003200302a0700d050900014c8bf0039
:1050940080cf5000030032002e089000c2ff0700aa
:1050a40053003700ee409000014f7800fe4090001e
:1050b400114798008e489000214798002e089000d0
:1050c400e30f5000030032002e089000e50f50005b
:1050d40011003a0014c8bf000004e00002003a00c6
:1050e40080c1b30001003700c0c3b300004f780093
:1050f40014c8bf000004e00002003a0020c0b3005e
:105104000100370050c0b300104798000040eb0086
:1051140020479800220037002e089000e40f50002a
:1051240011003a0014c8bf000004e00002003a0075
:10513400f0c1b30001003700c0c0b300004f7800d5
:1051440014c8bf000004e00002003a0050c0b300dd
:105154000100370010c0b3001047980010c0b3001e
:10516400204798000e0037002e089000e70f5000eb
:105174000b003a0014c8bf000004e00002003a002b
:10518400c0c3b30001003700e0c1b300004f780092
:1051940050c0b3001047980010c0b30020479800d7
:1051a4009e4c90003881200018447800e6290700be
:1051b400505090002e4390009e4290001e42780072
:1051c4008941780008417800804078002e089000da
:1051d400fcfe07006a00470079fb07001e489000a8
:1051e40013e8b700d82907005050900014e8b7001e
:1051f4004f04be000080fa00000006000200fa001e
:10520400d1290700000f780010c0b30058e8b70098
:105214001e00780010089000e30f500019003200bf
:10522400e30f500005003e00e10f50000f00320074
:10523400e10f500010003e0009003700e50f500058
:1052440016003200e50f500011003900e60f50003f
:1052540018003200e70f5000130032001800370026
:1052640060a62900fafc070024003700c0a7290023
:10527400f7fc07002100370020a92900f4fc0700ef
:105284001e0037003000200018ff07001b00370005
:105294004000200015ff07001800370050002000d0
:1052a40012ff070015003700700020000fff0700f1
:1052b4001200370060aa2900e5fc07000f00370040
:1052c400640e2200f3c5b300f2c5b300c1c0b3003d
:1052d4000040eb006c03070050ea2900e5d92800e0
:1052e4000002780013c0b30012c0b30081c2b3003f
:1052f400a0c0b300ea030700000000000080fa0029
:10530400000006000800fa0058c8bf000004e000ce
:10531400020032005868ef0079003700fafb0700fa
:1053240089290700100798000040eb00004f78001f
:105334000040eb00104798006300370010c0b30032
:10534400004f78002e009000e20f50003a00320027
:10535400e30f50001a003200e10f500055003a00ec
:105364001e00900010089000e10f50000a00320067
:10537400e10f500005003900e20f5000090032002f
:10538400e60f50000a0032000c00370060a6290026
:10539400d3fc070009003700c0a72900d0fc070090
:1053a4000600370020a92900cdfc070003003700c0
:1053b40060aa2900cafc0700000000004200370070
:1053c4001e00900010089000e30f500003003a0004
:1053d40030002000f4fe0700140037001e00900087
:1053e40010089000e40f500003003a004000200031
:1053f400edfe07000d0037001e009000100890001d
:10540400e50f500003003a0050002000e6fe0700bc
:10541400060037001e00900010089000e70f5000af
:1054240002003a0070002000dffe070010c0b30045
:1054340010479800240037001e4090000004e0004c
:105444001e003a001e00900010089000e30f500068
:1054540003003a0030002000fafe07001a0037006b
:105464001e00900010089000e40f500003003a0062
:1054740040002000f3fe0700130037001e009000d8
:1054840010089000e50f500003003a00500020007f
:10549400ecfe07000c0037001e009000100890007e
:1054a400e70f500007003a0070002000e5fe0700f7
:1054b4000500370000000000030037000000000072
:1054c400010037000000000064004700081f0700c7
:1054d4000004e00099ff3a001e4078000004a20096
:1054e4000004e000060032001e0090001008900046
:1054f400e70f500002003a0070002000d1fe0700c0
:105504000080fa00000006000600fa00000f780090
:1055140011079800220798001e0078008040780048
:105524002e009000014878002e00900011c0b300b6
:10553400614898002e0090009e0090001101be006a
:1055440022009800330098001e007800e30f5000fa
:105554002f003200e30f500005003e00e10f500021
:1055640015003200e10f50001e003e000700370016
:10557400e60f50003e003200e70f500048003200b2
:10558400e50f50002e003200570037002e00900027
:105594009e0090001102be0024009800350098007f
:1055a400a1029000450098002e00900021282300bd
:1055b40011009800500037002e0090009e009000cb
:1055c4001103be002600980037009800a103900044
:1055d400470098002e009000c12923001100980074
:1055e400450037002e0090009e0090001101be007f
:1055f4002200980033009800a10190004300980015
:105604002e009000a12b2300110098003a003700cf
:105614002e0090009e0090003102be002103be00c7
:105624002400980035009800460098005700980020
:105634002e009000812d2300110098002e003700c9
:105644002e0090009e0090003102be002103be0097
:1056540024009800350098004600980057009800f0
:105664002e009000a12f2300110098002200370083
:105674002e0090009e0090003102be002103be0067
:1056840024009800350098004600980057009800c0
:105694002e009000c131230011009800160037003d
:1056a400ae0090001e009000e4804000b018780026
:1056b400a0107800e480400064004000b018780036
:1056c400a0107800e4804000640040009008780056
:1056d4008180e8000080e8002e009000e133230080
:1056e40011009800040037002e009000c12623000a
:1056f40011009800000000000080fa00000006007d
:105704000400fa0020479800314798002e4090008a
:105714008080fb003e4090000000fb00008f4000b2
:1057240040ab2900104078000080fb009e0f500021
:1057340003003d0040ab290010407800080037000a
:105744001e0078000000e00002003d000040eb0075
:1057540003003700be4090002e40900000c040007f
:105764000080fa00000006000200fa00004f7800f2
:105774001147980040ab2900104078009e40780003
:1057840080cf500005003e0050ab29001040780047
:105794009e40900080cf5000020036000000eb00d5
:1057a40007003700f1c5b3001e407800031a070054
:1057b400f1c5b3001e409000eb190700271a07003b
:1057c4000080fa00000006000400fa00004f780090
:1057d400114798001207980040ab29001040780048
:1057e4009e40780080cf50000e003e0050ab290050
:1057f400104078009e40900080cf50000b003e0087
:10580400f1c5b3001e407800ec190700f1c5b300e0
:105814001e409000d41907001e009000291a0700aa
:105824000300370000000000010037000000000002
:105834000080fa00000006000e00fa00004f9800f5
:10584400114f9800224f9800630798000e4890006b
:105854008080fb002e4890000080fb008080500078
:1058640040ab2900104078000080fb00808f50007e
:1058740070003c001e4890008080fb002e48900081
:105884000080fb008080500050ab2900104078005d
:105894000080fb00808f500068003c002e48900080
:1058a4000004e00001003a0010c0b300204f98004b
:1058b4002e489000804078000e48900090ff07002a
:1058c400204798002e4890000040ea00804078006d
:1058d4000e4890008aff0700304798002e48900039
:1058e400804078001e48900085ff070040479800dc
:1058f4002e4890000040ea00804078001e48900046
:105904007fff070050479800be409000014f780089
:10591400430037000e4890009e4f500003003900aa
:105924000e4890001e405000030037009e4078004f
:105934000e48900000c0500060479800de40900080
:1059440011479800310037009e4890001e40900097
:1059540080cf5000040039009e4890001e40900003
:1059640000c05000030037009e4090001e48900085
:1059740000c05000704798007e4090008080fb007b
:105984006e4090000080fb00808040002e48900014
:105994000080fb00808f5000150034007e40900092
:1059a4008080fb007e4090000080fb000088b900ee
:1059b400000178006e4090008080fb006e409000f3
:1059c4000080fb000088b90000007800000141005d
:1059d4002e4890008080fb002e4890000080fb0041
:1059e4000088b90000007800800f510004003c00da
:1059f4006e0190009e4090001e40780072ff0700e8
:105a04001e4090000040e800104798009e4090001f
:105a14004e40900080cf5000cbff39001e4fe8006d
:105a24002e4090009e40780080cf5000b9ff39008e
:105a340003003700000000000100370000000000f0
:105a44000080fa00000006000c00fa00604798008d
:105a540071479800024f9800530798000040eb00ec
:105a6400104798000040eb00204798000040eb00ee
:105a7400304798000000eb00200798000e48900083
:105a84000004e00001003a0010c0b300004f980089
:105a94000e4890000040e800004f78000040eb0002
:105aa400104798000040eb00204798000000eb00ee
:105ab40020079800670037001e4090000000fb009c
:105ac400000040000000e800ae00900000804000ac
:105ad400200798001e4090000040e80010479800fe
:105ae4002e0090000000e0005a0035004c00370002
:105af400ae4090003147980043003700ae4090001c
:105b04007e40900080c040003e4190006e40900076
:105b1400004041005e0190002bff07002e409000e2
:105b2400fe40900080c050003e4190006e409000c6
:105b3400004041005e01900023ff0700ae4090004a
:105b44007e40900080c040003e4090006e41900036
:105b5400004051005e0190001bff07002e409000a2
:105b6400fe40900080c050003e4090006e41900086
:105b7400004051005e01900013ff0700be409000fa
:105b84007e40900080c040002e4190006e40900006
:105b9400004041005e0190000bff07003e40900072
:105ba400fe40900080c050002e4190006e40900056
:105bb400004041005e01900003ff0700be409000da
:105bc4007e40900080c040002e4090006e419000c6
:105bd400004051005e019000fbfe07003e40900033
:105be400fe40900080c050002e4090006e41900016
:105bf400004051005e019000f3fe07003e4090001b
:105c04000040e800304798003e4090009e4f50000e
:105c1400baff35002e4090000040e800204798006d
:105c2400ae4090001e40900080cf5000b0ff350081
:105c34009e00fb00e0ff2f000088b9000000780000
:105c44000000e800ae0090000080400020079800ab
:105c54001e4fe9001e4090009e40780080cf500007
:105c640095ff3d000080fa00000006000a00fa00db
:105c7400404798005147980062479800734798003e
:105c8400440798007e4090000080fb000000d10093
:105c940000407800ee40900000c04000604798004b
:105ca40064003700ee409000014f78000040eb00a4
:105cb400104798000000eb001007980056003700ca
:105cc4009e4090005e40900080c040001e417800dd
:105cd4004e409000004041004e019000bafe070083
:105ce4001e409000de40900080c050001e417800ad
:105cf4004e409000004041004e019000b2fe07006b
:105d04009e4090005e40900080c040001e4078009d
:105d14004e419000004051004e019000aafe070041
:105d24001e409000de40900080c050001e4078006d
:105d34004e419000004051004e019000a2fe070029
:105d44009e4078005e40900080c040001e4190005c
:105d54004e409000004041004e0190009afe070022
:105d64001e407800de40900080c050001e4190002c
:105d74004e409000004041004e01900092fe07000a
:105d84009e4078005e40900080c040001e4090001d
:105d94004e419000004051004e0190008afe0700e1
:105da4001e407800de40900080c050001e409000ed
:105db4004e419000004051004e01900082fe0700c9
:105dc4001e4090000000fb00000040000000e800be
:105dd4009e00900000804000100798001e40900034
:105de4000040e800104798001e0090000000e0000a
:105df400090035009e00fb00e0ff2f000088b90079
:105e0400000078000000e8009e0090000080400040
:105e1400100798001e4fe9001e4090009e40780035
:105e240080cf5000a6ff3d006e4090000040e90086
:105e3400604798007e4090000080fb000000ea006c
:105e44004f00de0000407800fe4090008140e900f1
:105e5400714798000004e00092ff3a000080fa00c5
:105e6400000006001200fa00204f9800314f9800fd
:105e7400424f9800534f9800644f9800050f9800c4
:105e840040ab290010407800ae48900080cf50000d
:105e94000300390040ab290090407800214f98005e
:105ea40050ab290010407800be48900080cf5000cd
:105eb4000300390050ab290090407800314f98001e
:105ec40040ab290010407800ce48900080cf5000ad
:105ed4000300390040ab290090407800414f9800fe
:105ee40050ab290010407800de48900080cf50006d
:105ef4000300390050ab290090407800514f9800be
:105f04004e4890008080fb002e4890000080fb00eb
:105f140000805000100798001e009000cf80de0023
:105f24001e009000808068001e0090004f00de007c
:105f340000804000100798005e4890008080fb00bd
:105f44003e4890000080fb0000805000200798002d
:105f54002e009000cf80de002e009000808068002c
:105f64002e0090004f00de000080400020079800c3
:105f7400ae4890004e48900080cf5000020031009f
:105f840010c0b3000100370000c0eb006047980068
:105f9400be4890005e48900080cf5000020031005f
:105fa40010c0b3000100370000c0eb007047980038
:105fb4009e0090002e009000008f500001003700da
:105fc400000000006e489000e14f500005003e00c4
:105fd4000e099000be4890002e489000fafd07007c
:105fe400050037008e0990006e499000be4890006d
:105ff4002e48900010fe0700ae4890004e489000d6
:1060040080cf500004003a00be4890005e489000e3
:1060140080cf5000190032001e00780000004000bc
:10602400400798002e0090008000ea004e00900087
:10603400808f500006003d002e0090001e0f1000bf
:106044006e409000ae48900000c04000204f980081
:10605400ce0090001e009000808f5000d8ff3d00bd
:106064001e0090001e0f40007e409000be4890002d
:1060740000c04000304f9800d2ff370000000000fd
:106084000080fa00000006000800fa00204798008b
:1060940031479800424798005347980034079800c6
:1060a400ce4090002e409000c4170700de409000c0
:1060b4003e409000ac170700ae409000014f7800be
:1060c40010003700be4090001147980005003700cb
:1060d4003e009000fb1707001e4090000040e800bf
:1060e400104798001e4090008080fb005e409000a6
:1060f4000080fb000000e800808f5000f4ff3500b2
:106104001e4fe8009e80fb004e4090000080fb0084
:106114000000e800808f5000eaff35000080fa009c
:10612400000006001000fa00004f9800114f98007c
:10613400224f9800334f9800444f980075079800f9
:106144004e4890000080fb0001fe2f00808040003c
:1061540060ab2900104078000080fb000088b90083
:10616400000078008000780080ab2900008f400098
:106174000000eb00100798003c0037001e00780078
:1061840090407800614798001e0fe80070ab29002a
:10619400104078008080fb003e4890000080fb00a7
:1061a4000088b90000007800200798002700370015
:1061b4006e4090000080fb006100600000407800a9
:1061c4000004e000180032002e00900080407800a7
:1061d4001e48900080c040003e48900000c040002f
:1061e4008041e9001e009000804078000e48900035
:1061f40080c040002e48900000c040000041e900eb
:106204002e009000804078001e48900080c040001e
:106214001e009000004278000e48900000404200aa
:106224007e02900098ff07006e4090000080fb0003
:106234000000d100604798003e4890000080fb00b9
:10624400ae00900000805000200798002e009000bf
:106254000000e000d6ff3a002e4890000080fb00ca
:106264009e009000008040001007980060ab290059
:10627400104078008080fb002e4890000080fb00d6
:106284000088b90000007800800078001e009000ab
:10629400808f5000b9ff3e000080fa000000060025
:1062a4000800fa00004f7800114798002247980030
:1062b40033479800240798003507980015003700e5
:1062c4002e00900010407800ae0090008100e8009d
:1062d40021079800be02900000427800be41900061
:1062e4002e4190009e4090001e4078008dff0700d4
:1062f40060ab290010407800ae4090008180fb0024
:106304000088b90000007800004078001e4040007a
:10631400004fe8002e009000104078000004e000d8
:10632400e7ff3a000080fa00000006001400fa00bb
:10633400889fbe00204f9800314f98006207980054
:10634400634f9800744f9800050f980026579800e3
:1063540000c2b300604798006e4890000004e0005b
:10636400020032006e4890000100370010c0b300f4
:10637400604f98007e4890000004e0000200320064
:106384007e4890000100370010c0b300704f9800a1
:106394000040eb00004f7800470037000e089000e3
:1063a4001001be0012079800230798000e08900001
:1063b40064004000000f98001e407800fe489000e2
:1063c4008180fb000088b9000000780080407800dc
:1063d4003e48900000c04000704798000040eb0029
:1063e400104798002f0037001e009000ae00900068
:1063f40000007800610060008004eb000004780075
:106404000800be00e00f5000e08f58001c003a0066
:106414006e4090008080fb001e4090000080fb00d6
:106424000080500000407800ee4890008180fb001e
:106434000088b90000007800804078002e48900061
:1064440000c04000004f9800fe4090007e4890003d
:1064540000c040008040e9000e4990006e48900062
:10646400004041000040e9006e0290008141780044
:1064740000417800fe4090000e48900002ff0700a3
:106484001e009000ae0090008100d1000080d30077
:1064940010079800210798001e4090000040e80073
:1064a400104798009e4090006e40900080cf5000ae
:1064b400cdff39001e4fe8002e5090009e4078001a
:1064c40080cf5000b5ff39004f04be000080fa00b1
:1064d400000006000200fa00000f78001e00780099
:1064e400200190001e007800f04090001e0078000b
:1064f40060409000b4fc07000080fa000000060031
:106504000200fa00000f78001e007800a00190003d
:106514001e007800004990001e007800f0409000b2
:106524001e0078006040900047fd07000080fa00dc
:10653400000006000200fa00000f78001e00780038
:10654400200290001e007800904990001e00780000
:10655400004990001e007800f04090001e00780072
:1065640060409000c1fd07000080fa0000000600b2
:106574000200fa00000f78001e007800200290004c
:106584001e007800904990001e0078000049900099
:106594001e007800f04090001e00780060409000db
:1065a400b9fe07000080fa00000006000200fa00ad
:1065b400000f78001e007800a00290001e007800f2
:1065c400004a90001e007800a04990001e00780048
:1065d400104990001e007800f04090001e007800e2
:1065e400604090001ffe07000080fa0000000600d3
:1065f4000200fa00000f78001e007800a00290004c
:106604001e007800204a90001e00780090499000f7
:106614001e007800004990001e007800f0409000b1
:106624001e00780060409000befe07000080fa0063
:10663400000006000200fa00000f78001e00780037
:10664400a00290001e007800500290001e00780006
:10665400904990001e007800004990001e007800c8
:10666400f04090001e007800604090000cff07008e
:106674000080fa00000006000200fa00000f780013
:106684001e007800404b90001e007800d00290005d
:106694001e007800104a90001e0078008049900087
:1066a4001e007800200190001e007800f040900049
:1066b4001e007800604090001cff07000080fa0074
:1066c400000006000000fa00640e220073c2b3004a
:1066d400f2c5b30051c1b3000040eb006afe0700ed
:1066e4000080fa00000006000200fa00000f7800a3
:1066f4001e007800e20f500006003200e30f500045
:1067040006003200e10f500006003a0060ee290056
:1067140005003700b0ee29000300370010ef290010
:106724000100370060ef29000080fa000000060035
:106734000200fa00000f78001e007800e20f5000fb
:1067440006003200e30f500006003200e10f500053
:1067540006003a0040c0b3000500370050c0b30043
:106764000300370040c0b3000100370050c0b3003d
:106774000080fa00000006000200fa00000f780012
:106784001e007800e20f500006003200e30f5000b4
:1067940006003200e10f500006003a0040452f0089
:1067a4000500370040712a000300370040712a00b9
:1067b4000100370000b926000080fa00000006003e
:1067c4000200fa00000f78001e00780030089000e4
:1067d400e20f50000b003200e30f500010003200b3
:1067e400e10f500015003a001e0078004058900058
:1067f4008080fb00c00320000088b90000007800fe
:10680400140037001e007800505890008080fb0070
:10681400c00320000088b900000078000d00370094
:106824001e007800605890008080fb00c0032000a8
:106834000088b90000007800060037001e007800c8
:10684400405890008080fb00c00320000088b900fd
:10685400000078000080fa00000006000200fa0040
:10686400000f78001e007800110020003108980005
:106874001e007800405890008080fb00c003200078
:106884000088b90000007800800078001e007800bd
:10689400410898001e0078008040eb0031589800b1
:1068a4000080fa00000006000200fa00000f7800e1
:1068b4001e007800a05890001e00780070589000c8
:1068c40080cf5000100039001e00780031002000f5
:1068d400310898001e007800605890008080fb000a
:1068e400c00320000088b900000078008000780010
:1068f4001e007800410898001e0078008040eb00dc
:10690400215898000c0037001e0078002100200058
:10691400310898001e007800505890008080fb00d9
:10692400c00320000088b9000000780080007800cf
:106934001e007800410898001e0078008040eb009b
:10694400315898000080fa00000006001200fa0096
:10695400000f98008e089000908828000008b80066
:106964004508de00004f78000e099000908828004a
:106974000010b8004508de00c10320000180b90002
:106984000000780000005100104798009e80fb0032
:1069940069004700811f7800c1ef2900811f78003a
:1069a4001dea0700e48757001e4090008080fb002a
:1069b4006c004700811f7800c1ef2900811f780017
:1069c40015ea0700e487570030c0b3002047980059
:1069d40020c0b300304798002e4090000080fb0098
:1069e4006500b900000078000000e800004078006d
:1069f40000404000404798003e4090000080fb006b
:106a04006500b900000078000000e80050479800d5
:106a14003e4090000080fb006500b9000000780053
:106a24000000e80000407800004040006047980003
:106a3400ce4090005e40900080c040006e409000c8
:106a440000c0400000c0e800704798007e409000fd
:106a54000080fb000106200000805000cf00de0013
:106a6400008040000080d100004f9800690047007a
:106a7400e5d9280000027800ae4190002e41900034
:106a840061c2b3000e48900005fe070011f0290012
:106a94000e4990004e409000004041000040e80044
:106aa40005b9260001027800be4190003e419000e5
:106ab400c1c2b300fafd0700ec0047000e49900084
:106ac4004e409000004141005e4090000040410073
:106ad40000c0e800e5d9280001027800be4190001a
:106ae4003e419000c1c2b300edfd07000080fa00f2
:106af400000006001400fa00100f98009e08900091
:106b0400908828000008b8004508de00004f78008f
:106b14001e099000908828000010b8004508de0087
:106b2400c10320000180b90000007800000051007a
:106b34001047980030c0b3002047980020c0b3002d
:106b4400304798002e4090000080fb006500b9009b
:106b5400000078000000e800004078000040400099
:106b6400404798003e4090000080fb006500b9005b
:106b7400000078000000e800504798003e40900074
:106b84000080fb006500b900000078000000e80008
:106b9400004078000040400060479800ce409000dc
:106ba4005e40900080c040006e40900000c04000f5
:106bb40000c0e800704798007e4090000080fb0011
:106bc4000106200000805000cf00de00008040005d
:106bd4000080d100004f98006ac8bf009e40780032
:106be40080cf5000210032009e80fb006b004700e4
:106bf400811f7800c1ef2900811f780086e9070012
:106c0400e48757002e4090004300dd0071c2b300ba
:106c1400014140008e4890004e40900000c040006a
:106c24008040e8000e4890000040e900640e220015
:106c3400824178000141780051c2b30012fd07007f
:106c44006b004700e5d9280000027800ae419000af
:106c54002e41900061c2b3000e48900090fd0700e1
:106c64009e407800a2862000014978006bc8bf00ce
:106c74009e40900080cf5000380032001e409000ab
:106c84008080fb006e004700811f7800c1ef29005f
:106c9400811f780060e90700e48757008e48900060
:106ca4004e40900080c040005e40900000c0400014
:106cb40000c0e800104f9800c0c2b300204f9800f5
:106cc4003e409000c300dd002e48900000c040000c
:106cd4000041e8009e4890006e40900000c04000d3
:106ce4008040e8008e4990004e40900000c0410072
:106cf400640e22008241780001417800a1c2b300f1
:106d0400e1fc070011f029000e4990004e4090006c
:106d1400004041000040e80005b926000102780067
:106d2400be4190003e419000ae4890005cfd0700db
:106d34006e004700e5d9280000027800be419000ab
:106d44003e419000ae4890001e48900054fd07005c
:106d54009e409000b2862000014978000080fa002d
:106d6400000006000800fa00200798003107980088
:106d740004b9260093c5b30092c5b300f1c4b300af
:106d840070c0b300c0fc0700ae0090003e0090004d
:106d9400808f500004003e00be0090002e00900042
:106da40000805000010037000000eb00000f780065
:106db4009e007800000520000088b900800078005b
:106dc4003e00900000017800110009008280d80084
:106dd40020479800640e220083c5b30082c5b30027
:106de40001c5b30080c0b300a7fc07002e4090008b
:106df4000004e000080032002e409000684040008b
:106e040044712a0083c5b3000041780001c5b30072
:106e140080c0b3009cfc07002e41900071862000c6
:106e240082487800be009000414388000080fa0048
:106e3400000006000800fa002007980031079800b7
:106e44003e0090000000e000410032004143800019
:106e54003e009000808f500004003200be0090007d
:106e64002e009000bfff07003a003700ae009000ec
:106e74003e009000808f500004003e00be00900051
:106e84002e00900000805000010037000000eb004d
:106e9400000f78009e007800000520000088b900eb
:106ea400800078003e009000000178001100090085
:106eb4008280d8002047980067c8bf00e14f400097
:106ec40004003a00be0090002e009000a5ff0700c9
:106ed4002000370067c8bf00ae40900080cf50004c
:106ee4000a0036002e409000e840400067c8bf000a
:106ef4006840400044712a0083c5b3000141780012
:106f040001c5b30060fc07000d00370067c8bf006f
:106f1400ae40900080cf50000900310067c8bf0028
:106f2400e84040002e40900068404000640e22007b
:106f340083c5b3000141780001c5b30052fc0700ca
:106f44002e419000718620008248780001003700ad
:106f5400000000000080fa00000006000c00fa00a7
:106f640040079800214f98004e009000f058900080
:106f74001147980020c1b300204798001e4090009c
:106f84000080fb000000e90000407800ae40900063
:106f94008180fb000088b900000078003047980029
:106fa4003e4090000080fb000000d10000407800cb
:106fb40001c3b30000c05000404798000040eb00fc
:106fc400004f78001c0037001e407800ae4090004f
:106fd4008180fb000088b9000000780080407800c0
:106fe4004e40900000c040005047980080c0b3005d
:106ff400604798002e4890009e40780080cf500053
:107004000600310043452f0052c0b300ee4090000b
:107014005e4090008cfa07000600370004b9260091
:1070240013c0b30052c0b300ee4090005e40900025
:107034000efb07001e4fe8001e4090009e407800a3
:1070440080cf5000e0ff39000080fa000000060005
:107054000200fa003c220700000f78001e007800ae
:107064008000eb00310898001e0078004058900022
:107074008080fb00c00320000088b9000000780075
:10708400800078001e007800410898001e007800f7
:107094008040eb00215898001e0078008040eb00ef
:1070a400315898000080fa00000006000200fa003f
:1070b40025220700000f78001e0078003008900099
:1070c4000000e00003003a001e007800e3fd070022
:1070d400030037001e0078008040eb003158980010
:1070e4000080fa00000006000200fa0016220700e1
:1070f400000f78001e00780011c0b30031589800ca
:107104000080fa00000006000000fa00d0ff07002b
:107114000080fa00000006000200fa000a220700bc
:10712400000f78001e007800305890000004e00042
:1071340023003a001e007800300890000000e000b0
:10714400210032001e007800400890000000e0009a
:10715400050032001e007800400890008000e9001d
:107164001e007800410898001e0078004008900036
:107174000000e0000e003a001e0078003008900085
:10718400e10f500008003a001e00780020589000db
:107194008040e8001e007800215898001e00780006
:1071a400c1fd0700020037001e007800abfd070098
:1071b4001e00780011c0b30001609800030037007e
:1071c4000000000001003700000000000080fa0009
:1071d400000006000c00fa00db210700000f780015
:1071e400600e22000c1407001e0078002058900046
:1071f400804078001e00780058ff07001e007800c9
:107204003008900038fd0700100798001e00780031
:107214003008900058fd0700200798001e007800f1
:1072240067fd0700300798001e00780030089000c2
:107234003ffd0700004f98000e4890006b00b90016
:1072440000007800104f98001e4890000080fb005a
:107254000106200000805000cf00de0000804000c6
:107264000080d100204f98001e009000ae029000d4
:107274000002780013c0b30022c0b30061c1b300a0
:107284002e48900006fc07001e007800400890007d
:10729400aefd07001e00780040089000be0090007c
:1072a400b0fe07001e007800305890000004e00093
:1072b4000800320030f02900f55f2b00000278004e
:1072c40013c0b30012c0b30021c4b30020c2b30082
:1072d400f3fb07001e00780030089000e0438800ac
:1072e4001e00780040089000204388001e007800ab
:1072f4002058900066e8b7001e00780030589000cf
:107304007ee8b7001e007800c0089000908828002e
:107314000008b8004508de00004078006ae8b700bd
:107324001e00780040099000908828000010b800e2
:107334004508de00c10320000180b9000000780088
:1073440000005100004078006be8b7000080fa00ac
:10735400000006001000fa007b210700000f7800ef
:107364001e007800b0089000e0438000808f500039
:1073740005003a001e007800a058900066c8bf00bf
:1073840080cf5000700032001e007800300890005a
:10739400d5fc0700200798001e00780030089000f4
:1073a400f5fc0700300798001e00780004fd070074
:1073b400400798001e00780030089000dcfc0700ad
:1073c400204f98002e4890006b00b9000000780010
:1073d400304f98003e4890000080fb0001062000da
:1073e40000805000cf00de00008040000080d1000b
:1073f400404f98001e00780020589000804078008c
:107404001e007800d5fe0700aefc07002e00900099
:10741400be0290000002780013c0b30022c0b30083
:1074240061c1b3004e4890009dfb07001e00780028
:107434004008900045fd07001e00780040089000b9
:10744400ce00900047fe070040c2b300504f9800a2
:107454005e4890000080fb00010620000080500080
:10746400cf00de00008040000080d100604f980013
:10747400ee4890005e48900000c040008040e80064
:107484006e4890000040e900640e220093c4b300eb
:107494000141780011c4b300fbfa07001e00780014
:1074a400305890000004e0000800320030f0290059
:1074b400f55f2b000002780013c0b30012c0b300c4
:1074c40021c4b3006e48900075fb07001e007800cd
:1074d40030089000e04388001e00780040089000c7
:1074e400204388001e0078002058900066e8b7000a
:1074f4001e007800305890007ee8b7001e00780027
:10750400c0089000908828000008b8004508de00f4
:10751400004078006ae8b7001e0078004009900037
:10752400908828000010b8004508de00c103200040
:107534000180b9000000780000005100004078008c
:107544006be8b7003a0037001e007800c0089000ce
:1075540020438000808f50000c0032001e00780011
:107564004008900063fd07001e00780094fc0700ab
:10757400800078001e007800400890002dfe07006f
:107584001e00780040089000204388001e00780008
:10759400b05890007ec8bf0080cf50002400320055
:1075a40040c2b300204798002e4090000080fb00aa
:1075b4000106200000805000cf00de000080400063
:1075c4000080d10030479800be4090002e409000cb
:1075d40000c040008040e8003e4090000040e900c8
:1075e400640e220093c4b3000141780011c4b300b7
:1075f400a5fa07001e007800305890000004e0004f
:107604000800320030f02900f55f2b0000027800fa
:1076140013c0b30012c0b30021c4b3003e409000b5
:107624001ffb07001e007800305890007ee8b7006a
:107634000080fa00000006000400fa0020479800c9
:1076440031479800c0200700000f78003e409000aa
:107654000004e00002003200abfe07000e00370019
:107664002e4090000004e0000b0032001e00780061
:10767400305890000004e00004003a001e00780036
:10768400300890000000e00002003a0087fe070086
:107694000100370094fe07000080fa000000060095
:1076a4000600fa00000f78001107980022079800de
:1076b4001e007800f13f2000810f500001003600c9
:1076c400f03f2000b01188001e009000f13f200020
:1076d400810f500001003600f03f200000128800a6
:1076e4002e009000f13f2000810f50000100360071
:1076f400f03f2000501288000080fa0000000600cd
:107704000800fa00000f780011079800220798007b
:1077140033079800f03f20009e007800808f5000cf
:1077240003003e001e0078008000eb0002003700da
:10773400f03f2000010020003e0190008001eb009a
:10774400028ab90004027800009bb900860278001e
:10775400050242000200b8000102420084007800e1
:107764000020b0000180b0004609dd004a00de00c0
:1077740000007100ca08de0000007800b011880023
:107784009e009000f03f2000808f500003003e00d8
:107794001e0090008000eb0002003700f03f200044
:1077a400010020003e0190008001eb00028ab90034
:1077b40004027800009bb9008602780005024200aa
:1077c4000200b80001024200840078000020b000ea
:1077d4000180b0004609dd004a00de0000007100af
:1077e400ca08de000000780000128800ae00900095
:1077f400f03f2000808f500003003e002e009000d8
:107804008000eb0002003700f03f20000100200060
:107814003e0190008001eb00028ab9000402780066
:10782400009bb90086027800050242000200b800fd
:1078340001024200840078000020b0000180b00002
:107844004609dd004a00de0000007100ca08de00bf
:1078540000007800501288000080fa000000060042
:107864000600fa00008fbe00220798009e007800f0
:10787400f00f200000806000c200dd001e017800cf
:10788400f00f2000000061004600de0001017000de
:107894001e00be00c809dd004800de000080710043
:1078a400c808de0080007800f00f2000008060002f
:1078b400c201dd001e00be00480add004800de00f3
:1078c40000007200c808de0080007800f00f20007d
:1078d400008060004600de00030270001e00be004f
:1078e4004008de0080007800f00f20000080600077
:1078f400c201dd001e00be004008de0080007800ea
:10790400f00f2000008060004600de0003007000dd
:10791400ae0190008400780079ff07000080fa002f
:10792400000006000200fa00303380000080a0004e
:1079340030338800401f2000b0200700303380001f
:107944000080a10030338800401f2000ab200700d6
:10795400303380000090a00030338800401f2000a6
:10796400a6200700303380000090a1003033880047
:10797400401f2000a1200700303380000080a000b9
:1079840030338800303380000090a000303388000a
:10799400401f200099200700303380000080a100a0
:1079a40030338800303380000090a10030338800e9
:1079b400401f2000912007000000eb00000f78001a
:1079c40011003700303380000080a000303388007d
:1079d400303380000090a00030338800400620003f
:1079e40086200700303380000080a10030338800f7
:1079f400303380000090a10030338800400620001e
:107a04007e2007001e0fe8001e007800e40f5000df
:107a1400ecff34000080fa00000006000000fa00c9
:107a24000001eb008000eb00f03f20001cff07008a
:107a3400803e2000712007000001eb008000eb0075
:107a44000020200016ff0700803e20006b20070066
:107a54000001eb008000eb000010200010ff070085
:107a6400803e2000652007000001eb00f13f20006c
:107a74000000eb000aff0700803e20005f200700a3
:107a8400f23f20008000eb000000eb0004ff070041
:107a9400803e200059200700022020000120200001
:107aa40000202000fefe0700803e20005320070037
:107ab4000001eb008000eb000000eb00f8fe070083
:107ac400401f20004d2007000080fa00000006003f
:107ad4000000fa00f03f2000e0448800e044800009
:107ae4000001780000002000f10f20005cff070077
:107af400803e200041200700e0448000000178001f
:107b0400000028000100200055ff0700803e2000ef
:107b14003a200700e044800000017800f00f2000c4
:107b2400010020004eff0700803e200033200700a4
:107b3400e04480000001780000f02f00f10f2000e5
:107b440047ff0700803e20002c200700e04480000f
:107b540000017800f0ff2f000100200040ff070023
:107b6400803e200025200700e044800000017800ca
:107b7400f00f2000f10f200039ff0700803e2000a5
:107b84001e200700e044800000017800f0ff2f0071
:107b9400f10f200032ff0700803e2000172007006d
:107ba400e04480000001780000502a00f10f20001a
:107bb4002bff0700803e200010200700e0448000d7
:107bc40000017800000820000108200024ff0700bd
:107bd400803e200009200700e04480000001780076
:107be40000f02f00010020001dff0700803e200050
:107bf40002200700e0448000000178006000b80023
:107c040017ff0700401f2000fc1f07000080fa0038
:107c1400000006000000fa00e04480000001780043
:107c2400f0ff2f00f10f20000dff0700f03f2000b0
:107c3400e0448800e044800000017800f0ff2f0059
:107c4400f10f200006ff0700803e2000eb1f070015
:107c540000302000e0448800e04480000001780007
:107c6400f0ff2f00f10f2000fdfe0700803e2000f2
:107c7400e21f070000202000e0448800e044800068
:107c840000017800f0ff2f00f10f2000f4fe070040
:107c9400803e2000d91f070000102000e044880027
:107ca400e044800000017800f0ff2f00f10f200075
:107cb400ebfe0700803e2000d01f07006006200076
:107cc400e0448800e044800000017800f0ff2f00c9
:107cd400f10f2000e2fe0700803e2000c71f0700ce
:107ce400f03f2000e0448800e04480000001780078
:107cf400f0ff2f00f10f2000d9fe0700803e200086
:107d0400be1f0700f03f2000e0448800e0448000ec
:107d1400000178000008200001082000d0fe0700c0
:107d240000202000e0448800e04480000001780046
:107d34000008200001082000c9fe0700803e200042
:107d4400ae1f0700f03f2000e0448800e0448000bc
:107d5400000178000008200001082000c0fe070090
:107d6400803e2000a51f0700e04480000001780049
:107d74006000b800bafe0700401f20009f1f0700e4
:107d84000080fa00000006000000fa000010200045
:107d9400e0448800e04480000001780000002000f6
:107da400f10f2000aefe0700c05d2000931f070006
:107db4000001eb008000eb00f03f200038fe0700dc
:107dc400c05d20008d1f0700e044800000017800a2
:107dd40000002000f10f2000a1fe0700c05d20007c
:107de400861f0700f03f2000e0448800e044800044
:107df4000001780000002000f10f200098fe070029
:107e0400c05d20007d1f07000001eb008000eb0037
:107e14000000eb0022fe0700401f2000771f070030
:107e24000080fa00000006000800fa00f03f20007d
:107e3400e0448800e044800000017800f0ff2f0057
:107e44000100200086fe07000000eb00000f780010
:107e54000b0037009e007800e1448800e044800075
:107e640000017800f0ff2f00010020007cfe0700d5
:107e740040012000611f0700010220001e8f400006
:107e8400f03f20009e007800808f5000f1ff360004
:107e9400f03f2000100798000c0037001e009000ef
:107ea400e0448800e044800000017800f0ff2f00e7
:107eb400010020006afe0700400120004f1f070058
:107ec4001e0090000002b100100798001e009000f0
:107ed4000000e000f1ff3d00f03f2000e044880096
:107ee400e04480000001780000502a00f10f2000d7
:107ef4005bfe07000000eb00200798000c00370031
:107f0400ae009000e1448800e04480000001780065
:107f140000502a00f10f200051fe0700400120000c
:107f2400361f07002e0090000002b00020079800c2
:107f3400ae009000f03f2000808f5000f0ff36002c
:107f4400f03f2000300798000c0037003e009000fe
:107f5400e0448800e04480000001780000502a00da
:107f6400f10f20003efe070040012000231f070000
:107f74003e0090000002b100300798003e009000df
:107f84000000e000f1ff3d00f03f2000e0448800e5
:107f9400e0448000000178006000b80030fe070073
:107fa400c0122000151f07000080fa000000060020
:107fb4000400fa00f03f2000e04488000000eb00d9
:107fc400000f7800500037000000eb001007980005
:107fd400480037001e007800e20f50001e003200f7
:107fe400e20f500005003c000000e0000a003200ef
:107ff400e10f50000f00320039003700e40f500049
:1080040026003200e40f50001a003500e50f50003e
:108014002900320032003700e044800080017800fb
:108024000001eb009e009000f03f2000b4fd07002b
:108034002b003700e1448000f23f20001e00900036
:1080440000005100810178000001eb00f13f2000a5
:10805400abfd070022003700e04480008001780077
:108064001e019000f13f20000000eb00a4fd07007a
:108074001b003700e1448000f23f20001e00900006
:108084000000510081017800f23f20008000780058
:108094000000eb009afd070011003700e044800067
:1080a40080017800f23f20008000eb001e00900069
:1080b40093fd07000a003700e1448000f23f2000ee
:1080c4001e0090000000510081017800000178003a
:1080d4008000eb00f03f200089fd07000000000055
:1080e40040012000c51e07001e0090000004b000df
:1080f400100798009e009000f03f2000808f5000f1
:10810400b4ff36001e0fe8001e007800e50f500093
:10811400adff3400e0448000800178000001eb00f2
:108124008000eb000000eb0075fd0700401f2000fd
:10813400b21e07000080fa00000006000000fa00ea
:10814400f03f2000e0448800e04480008001780093
:108154000001eb008000eb000000eb0068fd07006d
:10816400401f2000a51e0700e04480008001780025
:10817400f23f2000f13f2000f03f200060fd0700a7
:10818400401f20009d1e0700e0448000000178008d
:10819400f0ff2f00f10f2000b1fd0700803821000f
:1081a400e0448800e044800000017800f0ff2f00e4
:1081b400f10f2000aafd0700401f20008f1e0700ba
:1081c400f03f2000e0448800e04480008001780013
:1081d4000001eb008000eb000000eb0048fd07000d
:1081e400401f2000851e07000080fa0000000600e2
:1081f4000000fa00f03f2000e0448800e0448000e2
:108204000001780000002800f10f200094fd070011
:10821400803e2000791e0700e044800000017800c1
:10822400f00f2000010820008dfd0700803e200093
:10823400721e0700e04480000001780000f82f005f
:108244000100200086fd0700803e20006b1e070011
:10825400e04480000001780000082000f10f2000b5
:108264007ffd0700803e2000641e0700e04480007c
:108274000001780000f02f000108200078fd0700bd
:10828400803e20005d1e0700e0448000000178006d
:10829400000424000104200071fd0700803e20003a
:1082a400561e0700e04480000001780000042c0002
:1082b400010c20006afd0700803e20004f1e0700cd
:1082c400e0448000000178006000b80064fd07000d
:1082d400401f2000491e07000080fa00000006002d
:1082e4003800fa00f03f2000e0448800e400470032
:1082f40022eb290019000900b2187800d0c0b3009d
:10830400204798000040eb00004f7800150037002c
:108314000040eb00104798000d003700e244800055
:108324001e4090000080fb004200dd00e400470096
:10833400008040001000be0049fd0700c01220006c
:108344002e1e07001e4090000040e80010479800d1
:108354009e4090002e40900080cf5000efff3900e7
:108364001e4fe8001e407800e14f5000e8ff360041
:10837400e0448000000178006000b80038fd070088
:10838400401f20001d1e07000080fa0000000600a8
:108394000000fa0000202000e0448800e04480004f
:1083a4000001780000002000f10f20002cfd0700e0
:1083b40000322000111e0700e04480000001780014
:1083c400000028000100200025fd070000322000e5
:1083d4000a1e0700e044800000017800f00f20002e
:1083e400010020001efd070000322000031e0700cc
:1083f400e04480000001780000f02f00f10f20001d
:1084040017fd070000322000fc1d070000102000ab
:10841400e0448800e04480000001780000f02f0070
:10842400f10f20000efd070000322000f31d0700ad
:10843400f03f2000e0448800e04480000001780020
:1084440000f02f00f10f200005fd0700003220008e
:10845400ea1d0700e0448000000178006000b800d5
:10846400fffc0700f03f2000e0448800401f20008c
:10847400e21d07000080fa00000006000000fa0078
:10848400103380000080a100103388003033800056
:108494000080a10030338800103380000090a100d8
:1084a40010338800303380000090a10030338800fe
:1084b4006206a9006226a9008ae6a900713f80002d
:1084c40000f82f0000806000d000b300703f8800e7
:1084d400713f8000f00f28008080600000e02000e1
:1084e40001007000703f8800513f8000f00f2800a9
:1084f4008080600000f0200001007000503f880080
:10850400f03f2000a0118800f03f2000f011880007
:10851400f03f20004012880090118000f001b30069
:108524009011880032e2a9008111800000c021006e
:1085340001007000801188008111800080ff2f00ed
:10854400008060006000b3008011880032c2a8007f
:10855400e0118000f001b300e01188003ce2a900c2
:10856400d111800000c0210001007000d0118800ea
:10857400d111800080ff2f00008060006000b300f4
:10858400d01188003cc2a80030128000f001b30072
:108594003012880046e2a9002112800000c02100a8
:1085a40001007000201288002112800080ff2f003b
:1085b400008060006000b3002012880046c2a8005a
:1085c4003622ef004022ef004a22ef00f03f200065
:1085d400e0448800d3fc0700803e2000871d07008c
:1085e4000efd0700803e2000841d070038fd0700b3
:1085f400803e2000811d070086fd0700803e20008c
:108604007e1d0700e0fd0700803e20007b1d070063
:1086140005fe0700803e2000781d070064fe070069
:10862400803e2000751d0700c4fe0700803e200028
:10863400721d0700eefe0700803e20006f1d07003c
:1086440027ff0700803e20006c1d070050ff070035
:10865400803e2000691d070080bb2000671d0700c5
:10866400dcff37000600fa00404798002181200013
:10867400914078004e40900080cf500012003200ac
:1086840020408000804088004e41900021812000dd
:108694008248780000c0eb0013e8b70000c0eb008c
:1086a40014e8b700a81c070010089000310020004f
:1086b400010f7800100798001e00be006912070021
:1086c40010c0b300010037000040eb000080fa0046
:1086d400000006000800fa001007980041479800bf
:1086e40052479800330798005e4090000004a200af
:1086f4000004e000020032000040eb0024003700d8
:10870400be00900000052000808f5000020036005b
:108714006000200001003700a0002000000f780056
:108724004e4090000004e0000d003a001e0090004e
:10873400a00190001e009000104190001e009000c7
:108744009040780020408000030378007585200065
:10875400048120009e0178005e0a07000c003700a7
:108764001e009000300290009e81e9001e009000df
:10877400304190001e009000a040900020408000f6
:10878400040378007585200004812000510a070045
:108794000080fa00000006000e00fa00300798007e
:1087a400014f98005207980063079800661c070061
:1087b400000f78005e009000e10f500009003a00bd
:1087c4006e01900011c0b3000000eb00d712070047
:1087d4001e00780011c0b300116098000040eb0047
:1087e4002f0037005e009000e30f50002b003a008a
:1087f4000e4890000004e00018003a001e007800c3
:10880400505090008040e8001e00780051509800bd
:108814001e0078005050900014e8b70000c0eb0030
:1088240013e8b7001e0078005050900012e8b7001b
:1088340020408000804088001e00780010089000ce
:108844003100200011079800200798001e009000b6
:10885400ae009000031207000e0037003e009000a7
:10886400400090000000e000030032003e00900051
:1088740040009000000001006e01900011c0b300a0
:108884000000eb00a91207001e00780011c0b3001d
:108894001160980010c0b300010037000040eb00e5
:1088a4000080fa00000006000200fa00261c0700ff
:1088b400000f7800e0b320008040eb00014878000e
:1088c400c0b32000e41007009e007800c0b320006d
:1088d400904878008100e8000000e80090487800a3
:1088e4008100e8000000e800904878008100e8007a
:1088f4000000e8000080fa00000006000200fa0010
:10890400111c0700000f780000b42000f5100700c8
:108914001e00780001b42000114178003240980014
:1089240011b4200011417800424098000080fa0000
:10893400000006000200fa00031c0700000f780084
:1089440020b42000904078001e0078004148980030
:1089540030b42000904078001e0078005148980000
:108964001e00780011c0b300614898000080fa002e
:10897400000006000200fa00f31b0700000f780055
:1089840001852000914078001e007800415898002d
:1089940011852000914078001e00780051589800fd
:1089a400abf907000080fa00000006000000fa009e
:1089b400320020008000eb0060b4200023e20700b6
:1089c40080b4200031c6b3000148780000c0eb0039
:1089d40000e8b7000001eb008040eb000000eb0072
:1089e400521207005868ef000080fa0000000600e9
:1089f4000200fa00d41b0700000f78001e00780064
:108a040011002000510098005268ef001e00780009
:108a14008040eb00515098000001eb008040eb00d7
:108a24000000eb00411207001e00780011c0b300e3
:108a3400116098000080fa00000006000200fa00ad
:108a4400c11b0700000f78001e0078008000eb00b7
:108a5400510098001e00780011c0b3001160980006
:108a64000080fa00000006005400fa00881f780015
:108a7400002f9800112f9800b31b070010079800cf
:108a84000040eb00004f780010c0b300104798007e
:108a94000000eb002007980030408000e10f400008
:108aa40002003a009e289000314088003040800047
:108ab4009e289000808f50000400360030408000d3
:108ac4009e28900000805000030037003140800051
:108ad4001e28900000805000200798001e29900056
:108ae400324088002e009000e50f500002003e0046
:108af4000040eb001047980020408000e10f400048
:108b040003003a009e2890002140880005003700a9
:108b1400214080001e289000008040000000d10009
:108b2400204088001e009000100890000000e00023
:108b34007b003a001e4090000004e0001600320062
:108b4400204080008201200080007800e0ab2000fb
:108b5400610a07000004e0000200320010c0b30004
:108b6400004f7800ae00900000052000808f500078
:108b74000900360020408000820120008000780037
:108b8400e0ab2000540a07000004e00002003200b9
:108b940010c0b300004f78001e4078000004e000cd
:108ba400080032001e009000100890001100200000
:108bb40021179800301798002e109000be109000d6
:108bc400281107000e289000e30f50000b023a0012
:108bd40052c8bf000080fb004200dd008080e80036
:108be40000a029000080400010017800320798009e
:108bf4003e009000e30f5000090032003e00900058
:108c0400e40f5000060032003e009000e50f5000d3
:108c1400030032003e009000e70f500003003a00ca
:108c24001e0090008040eb00515098001e299000d7
:108c340011c0b3003e009000bc1107001e0090005c
:108c440010089000e30f50000b003a001e00900043
:108c5400c1b32000904878008100e8000000e800db
:108c6400904878008100e8000000e800904878000f
:108c74008100e8000000e8001e0090001008900049
:108c8400e40f500007003a001e00900001b42000d9
:108c9400304190008248780011b420004041900097
:108ca400824878001e00900010089000e50f5000e4
:108cb4000b003a001e009000c048900020b4200031
:108cc400014878001e009000d048900030b4200085
:108cd4000148780040b420008040eb00014878004f
:108ce4001e00900010089000e70f500006003a00a4
:108cf4001e0090004058900050e8b7001e009000fd
:108d04005058900051e8b7001e00900011c0b30005
:108d14001160980010c0b300004f7800b70137000d
:108d24001e00900010089000e10f500032003a003d
:108d34001e4090000004e000160032002040800035
:108d44004201200080007800e0ac2000e209070026
:108d54000004e0000200320010c0b300004f7800ad
:108d6400ae00900000052000808f500009003600fe
:108d7400204080004201200080007800e0ac200008
:108d8400d50907000004e0000200320010c0b3005f
:108d9400004f78001e4078000004e0000800320014
:108da4001e00900010089000110020000117980088
:108db400101798000e1090009e109000a910070044
:108dc4000e289000e10f5000030032000e2890009e
:108dd400e30f500089013a001e29900011c0b3002e
:108de4000000eb00511107001e00900011c0b300f9
:108df40011609800810137001e0090001008900057
:108e0400e20f500032003a001e4090000004e000df
:108e140016003200204080004201200080007800cb
:108e2400e0ad2000ac0907000004e00002003200bd
:108e340010c0b300004f7800ae0090000005200081
:108e4400808f50000900360020408000420120003d
:108e540080007800e0ad20009f0907000004e000d6
:108e64000200320010c0b300004f78001e407800aa
:108e74000004e000080032001e009000100890007a
:108e840011002000610f9800700f98006e08900088
:108e9400fe089000731007000e289000e10f5000a8
:108ea400030032000e289000e30f500053013a00f3
:108eb4001e29900011c0b3000000eb001b11070035
:108ec4001e00900011c0b300116098004b013700e0
:108ed4001e00900010089000e60f500032003a0087
:108ee4001e4090000004e000160032002040800084
:108ef4004201200080007800e0ae200076090700df
:108f04000004e0000200320010c0b300004f7800fb
:108f1400ae00900000052000808f5000090036004c
:108f2400204080004201200080007800e0ae200054
:108f3400690907000004e0000200320010c0b30019
:108f4400004f78001e4078000004e0000800320062
:108f54001e0090001008900011002000410f98009e
:108f6400500f98004e089000de0890003d10070056
:108f74000e289000e10f5000030032000e289000ec
:108f8400e30f50001d013a001e29900011c0b300e8
:108f94000000eb00e51007001e00900011c0b300b4
:108fa40011609800150137001e0090001008900011
:108fb400e30f500042003a000040eb00006f9800bd
:108fc40070c1b300106f98000040eb00206f980050
:108fd400b0c3b300306f9800c0b32000601798008e
:108fe400d0b320007017980060452400001f98003b
:108ff4001e84fb001e0090005050900099fd070055
:109004000080fb000800700000f0a7000000ea00e8
:109014000000ea004f00de00004f78001e009000c0
:10902400505090000004e00003003a00c0b3200058
:109034001040780002003700d0b3200010407800c0
:1090440057e8b7001e009000d05090008002200026
:109054000e004000ae0190001e4190009dfd0700ef
:109064000004e0000a00320010c0b300004f780092
:109074001e0090001008900021002000210f98008d
:10908400300f98002e089000be089000f50f0700de
:109094001e009000d0509000800220000e0040007e
:1090a4009e2990000e299000bbfd07000004e000fb
:1090b400d200320010c0b300004f7800cf00370058
:1090c4001e00900010089000e40f500042003a0087
:1090d40010c0b30020779800f0c1b3003077980037
:1090e40010c0b30040779800c0c0b3005077980018
:1090f40000b42000301f980010b42000401f9800d6
:1091040000482400501f98001e84fb001e0090009d
:109114005050900053fd07000080fb0008007000d1
:1091240000f0a7000000ea000000ea004f00de00a3
:10913400004f78001e009000505090000004e000a2
:1091440003003a0000b42000104078000200370009
:1091540010b420001040780057e8b7001e009000bb
:10916400d0509000200320000e004000ae0190007b
:109174001e41900057fd07000004e0000a00320081
:1091840010c0b300004f78001e009000100890003b
:1091940021002000010f9800100f98000e08900085
:1091a4009e089000af0f07001e009000d050900062
:1091b400200320000e0040009e2990000e299000fc
:1091c40075fd07000004e0008c00320010c0b300fd
:1091d400004f7800890037001e00900010089000ae
:1091e400e50f500042003a000040eb00407f980039
:1091f40070c1b300507f98000040eb00607f98007e
:10920400b0c3b300707f980020b4200000279800fa
:1092140030b4200010279800c0492400202798006b
:109224001e84fb001e009000505090000dfd0700ae
:109234000080fb000800700000f0a7000000ea00b6
:109244000000ea004f00de00004f78001e0090008e
:10925400505090000004e00003003a0020b42000c5
:10926400104078000200370030b42000104078002d
:1092740057e8b7001e009000d0509000c0032000b3
:109284000e004000ae0190001e41900011fd070049
:109294000004e0000a00320010c0b300004f780060
:1092a4001e00900010089000210020006107980023
:1092b400700798006e009000fe009000690f070090
:1092c4001e009000d0509000c00320000e0040000b
:1092d4009e2990000e2990002ffd07000004e00055
:1092e4004600320010c0b300004f7800430037003e
:1092f4001e00900010089000e70f50003f003a0055
:1093040010c0b30060c79800c0c3b30070c7980012
:1093140010c0b30000cf9800e0c1b30010cf980094
:1093240000852000502798001085200060279800b1
:10933400c04b2400702798001e84fb001e00900080
:1093440050509000c7fc07000080fb00080070002c
:1093540000f0a7000000ea000000ea004f00de0071
:10936400004f78001e009000505090000004e00070
:1093740002003a0050c8bf000100370051c8bf00c6
:1093840057e8b7001e009000d05090006004200001
:109394000e004000ae0190001e419000cdfc07007d
:1093a4000004e0000a00320010c0b300004f78004f
:1093b4001e00900010089000210020004107980032
:1093c400500798004e009000de009000250f070023
:1093d4001e009000d0509000600420000e00400059
:1093e4009e2990000e299000ebfc07000004e00089
:1093f4000200320010c0b300004f78001e40780015
:109404000004e000080032001e009000106090008c
:109414000004a2000004e000030032001e009000db
:1094240011c0b300016098004f0478000080fa0076
:10943400000006000200fa00004f7800114798006f
:109444009e80fb001e4090000080fb000088de0030
:1094540000407800614060000080fa0000000600cf
:109464000800fa0050c3b30030479800b0c1b300fd
:10947400404798003e4090000080fb000106200019
:1094840000805000cf00de00008040000080d1004a
:10949400004078006ce8b70040c1b3006de8b70045
:1094a4000040eb00004f7800310037000040eb0033
:1094b400104798002a0037001e80fb000000d100ee
:1094c400004078004201dd001e4078006900b900c8
:1094d4000000780000407800804041006cc8bf0064
:1094e40000c04000504798001e4090006900b90039
:1094f40000007800804078006dc8bf0000c04000c4
:10950400604798009e80fb001e4090000080fb0096
:10951400c208dd000080400051b02000000040007f
:1095240000804000de409000014878009e80fb00ef
:109534001e4090000080fb00c208dd000080400057
:1095440061b0200000004000008040006e419000a7
:10955400024878001e4090000040e8001047980040
:109564001e409000e34f5000d3ff36001e4fe8002a
:109574001e407800e54f5000ccff36006cc8bf0099
:10958400e4404000e0af2000014878006cc8bf0010
:10959400fa404000f0af2000014878006cc8bf00da
:1095a40002c3b3008240400000b0200001487800ac
:1095b400d1862000914078004e40900000c04000c9
:1095c400704040006ee8b7000040eb002047980070
:1095d4000e0037002e4090000081fb002e409000ca
:1095e4006900b90000007800804078006dc8bf00b1
:1095f40000c04000e440500010b020000170790029
:109604002e4090000040e800204798002e40900033
:10961400e34f5000efff36000080fa000000060020
:109624000800fa0020479800314798004247980004
:109634003307980020c0b300004f78003e409000ec
:109644001e4040008041e8002e4090001e40400033
:109654000041e8003e4090001e4050008040e90078
:109664002e4090001e4050000040e900640e22008d
:1096740085f207004e4090000004e000060032002e
:10968400be0190001e417800be4090002e40900024
:10969400edf007000600370004b9260013c0b3003c
:1096a4001e417800be4090002e4090006ff10700ec
:1096b4000080fa00000006000a00fa00600e220092
:1096c400d50a070066ff07000040eb00004f780052
:1096d400170037001e4078000004e0000700320045
:1096e4001e407800e14f500002003a00c0f129000a
:1096f40001003700e0f129000100370000f22900e1
:1097040000017800e1862000914078001e80fb0073
:10971400e3af200063407800e5eb2c000202780000
:1097240013c0b30012c0b300ddf207001e4fe800ff
:109734001e407800e24f5000e6ff36000040eb0088
:109744001047980017003700214580001e40900004
:109754000080fb000080400010407800004f98001b
:109764000040eb00104f98001e4090000080fb006a
:1097740011b0200061407800e8004700e5eb2c00c0
:109784000102780013c0b30012c0b3008040780017
:1097940020c0b300c2f207001e4090000040e80061
:1097a400104798001e409000e34f5000e6ff36003b
:1097b400d0b02000104078008080fb0050b1200021
:1097c400104078000080fb0000804000cf00de00e5
:1097d400008040000080d10040479800d0b12000b4
:1097e400104078008080fb0050b2200010407800c8
:1097f4000080fb0000804000cf00de0000804000bd
:109804000080d1005047980080b02000904078003c
:1098140061479800a0b020009040780071479800fc
:1098240003b9260012c0b300ee4090004e409000f1
:1098340085f0070003b9260012c0b300fe40900073
:109844004e40900080f0070003b9260012c0b30018
:10985400ee4090005e4090007bf0070003b92600c4
:1098640012c0b300fe4090005e40900076f0070006
:109874000040eb0020479800220037000040eb0036
:1098840030479800190037002e4090008080fb007c
:109894003e4090000080fb00c208dd0000804000d4
:1098a4000000400061b02000e14078002e409000ac
:1098b4000081fb003e4090000080fb004211dd006f
:1098c400000041000000400052b0200062407800d7
:1098d40004b9260013c0b30022c0b300e3f00700ac
:1098e4003e4090000040e800304798003e40900021
:1098f400e34f5000e4ff36002e4090000040e800a3
:10990400204798002e409000e54f5000dbff3600c2
:10991400320020008000eb0060b320004bde070023
:1099240080b3200031c6b300014878001000200045
:1099340080438800220020008000eb00a0b32000b8
:1099440042de0700001807006048900072e8b70084
:1099540072c8bf000042780003c1b30002c1b30063
:1099640011c0b300e0c4b300521507000080fa0030
:10997400000006000000fa004fff07000200070085
:109984000080fa00000006001e00fa00ee1707002f
:10999400200798002e00900090007800610798003e
:1099a40020419000624f98002e009000b00090007b
:1099b40080438000808f5000050032003eff070086
:1099c4002e0090003000900080438800fd00370096
:1099d400ce489000014f780060b320001041780019
:1099e400124798002e009000300090000000e00024
:1099f40009003a004e489000fb004700670d07003d
:109a0400004f780060b3200010407800fc0047004d
:109a1400620d0700104798009e80fb00d0cc2c00fc
:109a24000008b8004308de00804378001e81fb0074
:109a3400d0cc2c000010b8004308de006a00b90046
:109a44000000780000005100004378005e48900058
:109a54008080fb00d0cc2c000008b8004308de0056
:109a6400804278005e4890000081fb00d0cc2c003e
:109a74000010b8004308de006a00b9000000780056
:109a840000005100004278006e4890008080fb0086
:109a9400d0cc2c000008b8004308de0080417800d8
:109aa4006e4890000081fb00d0cc2c000010b80060
:109ab4004308de006a00b90000007800000051008d
:109ac40000407800774f9800065798001557980083
:109ad4002457980033579800405798001e40900030
:109ae4008080fb00d0cc2c000008b8004308de00c6
:109af400804378001e4090000081fb00d0cc2c00f5
:109b04000010b8004308de006a00b90000007800c5
:109b1400000051000043780070b32000104078002a
:109b24008080fb00d0cc2c000008b8004308de0085
:109b34008042780070b32000104078000081fb0060
:109b4400d0cc2c000010b8004308de006a00b90035
:109b540000007800000051000042780080b320002b
:109b6400104078008080fb00d0cc2c000008b800a6
:109b74004308de008041780080b320001040780064
:109b84000081fb00d0cc2c000010b8004308de009c
:109b94006a00b9000000780000005100004078001d
:109ba400575798006657980075579800045f9800b7
:109bb400135f9800205f98000040eb002047980056
:109bc400550037002e4090000080fb000000470045
:109bd400f04890002e4090000080fb0000004700f9
:109be4005050900080cf5000470032000040eb00fe
:109bf400304798004000370031c0b3003e40900029
:109c040080c050002e4090000080fb000000470000
:109c14007048900007fe07000080fb000000ea0087
:109c24004f00de006047980031c0b3003e40900012
:109c340080c050002e4090000080fb0000004700d0
:109c440050509000fbfd07000080fb000000ea007c
:109c54004f00de0070479800ee4090007e40900078
:109c640080cf5000200032002e4090008080fb0006
:109c74003e4090000080fb00c208dd0000804000f0
:109c84000000400051b0200061417800024f98006c
:109c94002e4090008080fb003e4090000080fb003e
:109ca400c208dd00008040000000400061b02000d8
:109cb40061417800124f98002e4090000080fb0014
:109cc4008000400000f1290000804000100078006e
:109cd400800178006e4190009e4890000e489000ec
:109ce4004ffe070001003700000000003e409000d6
:109cf4000040e800304798003e409000e34f500099
:109d0400bdff360001003700000000002e40900027
:109d14000040e800204798002e409000e54f500096
:109d2400a8ff3600ee009000b159880080b32000ef
:109d34006e49900002487800e0c1b300204f9800bb
:109d44002e4890000080fb00010620000080500097
:109d5400cf00de00008040000080d100304f98002a
:109d64002e00900063004000650e220004b9260016
:109d7400a3b320000001780021c5b3003e48900041
:109d84009f1407002e009000e048900072c8bf00a6
:109d940080cf50000b0032002e00900060489000ed
:109da4000042780003c1b30002c1b30011c0b30084
:109db400e0c4b3003f1407002e00900060489000f8
:109dc40072e8b7000080fa00000006000200fa0002
:109dd400000f7800640e2200b3c0b300f2c5b300d4
:109de40011c0b3000040eb00a7f007001e0078008c
:109df400f55f2b000002780013c0b30012c0b3005b
:109e040011c0b30020c0b30025f107000080fa00a0
:109e1400000006000c00fa00cb160700000f7800c3
:109e2400640e2200b3c0b300f2c5b30011c0b30086
:109e3400f0c2b30094f007001e00780020409000a8
:109e44008081fb001e007800104090000081fb0020
:109e54001e007800104078008080fb000e80e8002f
:109e6400831f7800821f7800811f7800c1df2900da
:109e7400811f7800e8dc0700e88757000e80e800bf
:109e840005b926000002780013c0b30012c0b30065
:109e940011c0b30000c3b30001f107001e00780035
:109ea400900078002160880061c02000204190006b
:109eb400824878000080fa00000006000200fa00e0
:109ec400a1160700000f78001e007800a040900043
:109ed40060c020001040780080cf500001003200a4
:109ee400ccff07000080fa00000006000400fa001e
:109ef400004f7800110798009e40780068c0400029
:109f0400640e220080417800f2c5b3009e407800c0
:109f14000040eb005cf007001e009000e5d928002b
:109f24000002780013c0b30012c0b3009e40780052
:109f340020c0b300daf007000080fa000000060039
:109f44000200fa0080160700000f78001e00780057
:109f540050009000204488001e007800310020004a
:109f6400510098001e00780011c0b30011609800e1
:109f74008668ef000080fa00000006000200fa0084
:109f840071160700000f7800214480001e0078003d
:109f9400510098001e00780011c0b30011609800b1
:109fa4008668ef000080fa00000006000200fa0054
:109fb40065160700000f78001e007800500090001e
:109fc400e30f500002003a00ecff070001003700e5
:109fd400dbff07000080fa00000006002400fa00fe
:109fe40059160700000f78000000eb00700f98006e
:109ff4000000eb00001798000000eb001017980019
:10a00400220220000e014100010220008e80400047
:10a014007e0047006115070000f0a7000000ea0079
:10a024000000e9004f00de002047980014130700e9
:10a0340020079800ae009000400620000088b90078
:10a0440080007800f03f2000000178001100090032
:10a054008280d80060479800640e2200f3c5b300e4
:10a06400f2c5b300c1c0b3000040eb0006f0070026
:10a07400b0e0290055ff070066ff07006e4090001e
:10a084008080fb0067004700811f7800ae009000cd
:10a09400811f780011e12900811f780051dc07003d
:10a0a400e68757006700470080007800e0c0b300ef
:10a0b4008eff07002e4090000004e00019003200db
:10a0c4000e119000fe08900067004700821f780080
:10a0d400811f7800f1e12900811f780041dc07002d
:10a0e400e6875700670047008000780080c1b3000e
:10a0f4007eff07009e10900067004700811f7800d4
:10a10400b1e22900811f780036dc0700e48757009c
:10a11400670047008000780020c2b30073ff070087
:10a124000600370011e3290080c1b3006fff070068
:10a13400b1e3290020c2b3006cff07001e007800c1
:10a14400604890000004e00002003200c0e32900ef
:10a1540001003700f0e329009e007800d148900008
:10a164008181fb009e007800c14890000181fb00c2
:10a17400e7004700801f7800831f7800821f780063
:10a1840030e42900801f78000100780015dc070006
:10a19400e88757006700470080007800c0c2b3001a
:10a1a40052ff070031e5290060c3b3004fff0700e9
:10a1b4002e019000b24188006e41900081832000fe
:10a1c400824878007e089000d04188000e109000ec
:10a1d400e04188001e109000f04188001e007800c5
:10a1e4004048900040e8b7001e00780050489000b6
:10a1f40041e8b7001e0078006048900042e8b700cc
:10a2040010c0b30086e8b7000080fa000000060022
:10a214002400fa00cc150700000f78000000eb00c2
:10a22400700f98000000eb00001798000000eb008e
:10a2340010179800220220000e01410001022000a4
:10a244008e8040007e004700d414070000f0a70071
:10a254000000ea000000e9004f00de0020479800fb
:10a264008712070020079800ae00900040062000e7
:10a274000088b90080007800f03f200000017800d9
:10a28400110009008280d8006047980086c8bf008a
:10a294000004a2000004e000020032004fff0700a7
:10a2a40092003700b0418000ae009000808f5000d3
:10a2b40004003a0038c8bf00ee40900080cf500040
:10a2c400130032006e4090008080fb00670047005e
:10a2d400811f7800ae009000811f780011e12900f1
:10a2e400811f7800bfdb0700e6875700670047003f
:10a2f40080007800e0c0b300fcfe07002e0190004f
:10a30400b24188006e419000818320008248780029
:10a314002e4090000004e0002b003200fe08900064
:10a32400d0418000808f500004003a008e109000cd
:10a33400e0418000808f5000110032000e11900027
:10a34400fe08900067004700821f7800811f780094
:10a35400f1e12900811f7800a2db0700e68757009e
:10a36400670047008000780080c1b300dffe07006b
:10a374007e089000d04188000e109000e0418800d3
:10a384009e109000f0418000808f50002200320027
:10a394009e10900067004700811f7800b1e22900f9
:10a3a400811f78008fdb0700e487570067004700b0
:10a3b4008000780020c2b300ccfe07001e1090007d
:10a3c400f041880014003700d1418000f0ff2700dd
:10a3d400808f500004003a00e1418000f0ff270024
:10a3e400808f50000c00320011e3290080c1b300bb
:10a3f400befe0700b1e3290020c2b300bbfe070084
:10a40400f0ff2700d0418800f0ff2700e0418800da
:10a41400f0ff2700f04188001e007800c04890003b
:10a4240040c8bf0080cf50000c003a001e007800e6
:10a43400d048900041c8bf0080cf500007003a00c8
:10a444001e007800604890008080fb0042c8bf0076
:10a454000080fb00808f5000230032001e00780033
:10a46400604890000004e00002003200c0e32900cc
:10a4740001003700f0e329009e007800d1489000e5
:10a484008181fb009e007800c14890000181fb009f
:10a49400e7004700801f7800831f7800821f780040
:10a4a40030e42900801f7800010078004ddb0700ac
:10a4b400e88757006700470080007800c0c2b300f7
:10a4c4008afe07001e0078004048900040e8b7006c
:10a4d4001e0078005048900041e8b7001e00780044
:10a4e4006048900042e8b70074fe07000080fa005c
:10a4f400000006001200fa00000f98000e089000f9
:10a50400e30f500063003a000f150700000f7800b6
:10a514001e007800104078000080fb008000eb00f3
:10a5240002e120000289b900020278006001b9004a
:10a53400020178000202420002e120000201b80098
:10a5440003024200840178001e007800104090004d
:10a554000080fb008000eb00c4032000048ab900e3
:10a56400040278006003b900860278000502420004
:10a57400c50320000500b8000102420084007800f1
:10a5840002014000838148001e00780020409000b2
:10a594000080fb008000eb00020040008380480044
:10a5a40010079800210798001e00780020409000b2
:10a5b4000004e000070032001e00780020409000f4
:10a5c4000080fb00c1032000008050008000eb00ed
:10a5d400010037006000b800300798004107980078
:10a5e4001e019000ae0190003e009000ce0090004d
:10a5f40002004000838048005007980061079800db
:10a604005e009000ee00900002e1200003002000b4
:10a614000dd9070082012000030020001ad9070089
:10a62400604f98005e009000ee009000c20320008e
:10a634000300200004d90700c20320000300200007
:10a6440011d90700704f98001e007800ee48900062
:10a65400414898001e007800fe4890005148980038
:10a664001e00780011c0b300614898001e007800f5
:10a674008040eb00714898001e0078008040eb0099
:10a68400015098001e00780011c0b30001609800ca
:10a694003afe07000080fa00000006000400fa00f9
:10a6a4000040eb00004f7800310037001e40780076
:10a6b4006500b90000007800104798001e4078003b
:10a6c4000004e000090032001e407800e34f50000f
:10a6d400060032001e407800e64f500003003200ae
:10a6e4001e407800e94f500002003a0030c0b30029
:10a6f4000100370010c0b300204798001e409000ae
:10a704000080fb00000040000000e800c1d02900e8
:10a7140061407800804178001e4090000080fb007a
:10a7240000004000c1d02900614078000041780059
:10a734001e4090000080fb00000040000000e80084
:10a7440041c9290061407800804078001e40900093
:10a754000080fb000000400044c9290064407800e8
:10a7640005b926002e429000beed07001e4fe800fa
:10a774001e407800eb4f5000ccff360004b9260091
:10a7840013c0b30082c2b300f1c2b300f0c2b3007d
:10a7940036ed07000080fa00000006000600fa000b
:10a7a400000f78002147980032479800230798004b
:10a7b4002e4090000080fb00000040001e0040007e
:10a7c40010409000804078002e4090000080fb00f4
:10a7d400000040001e00400010407800ae029000cf
:10a7e4003e4290008141780000417800f1c2b300fc
:10a7f400f0c2b3009bed07000080fa0000000600e1
:10a804000400fa00000f78002147980032479800ae
:10a81400630e22003e419000ae4090001e0078007e
:10a82400deff07000080fa00000006000400fa00c2
:10a83400004f78001147980022479800e3d32c007a
:10a8440032c0b3009e40780040c92900d3ff0700fe
:10a85400e3d9280022c0b3009e409000c0d0290054
:10a86400ceff0700f35f2b0012c0b300ae40900090
:10a8740040d82900c9ff0700f35f2b0022c0b300b2
:10a88400f1c2b300f0c2b3006fec07001e417800c0
:10a8940081882000824878001e4190009188200021
:10a8a400824878002e419000a188200082487800d8
:10a8b4000080fa00000006000400fa002047980017
:10a8c4002e4090000081fb00d0cc2c000010b8007a
:10a8d4004208de006500b900000078000000510065
:10a8e400004078000004e0002c003a00ae409000e4
:10a8f400014f78001e4078000004e0000a00320096
:10a904001e407800ef4f5000070032001e407800d0
:10a91400fe4f500004003200d0c2b3009e407800c5
:10a9240080cf500002003a0030c0b300010037006d
:10a9340010c0b300104798001e80fb0000004000c8
:10a944000000e800c1d0290061407800804178000f
:10a954001e80fb0000004000c1d029006140780047
:10a96400004178001e80fb00000040000000e80069
:10a9740041c9290061407800804078001e80fb00b6
:10a984000000400044c929006440780005b926004d
:10a994001e42900033ed0700010037000000000064
:10a9a4000080fa00000006000400fa00004f78005e
:10a9b40011479800224798001e407800e14f40005c
:10a9c4001f00320012c0b3009e40780040d8290016
:10a9d4008bff07001e407800b7ff070004b926006c
:10a9e40013c0b30082c2b300f1c2b300f0c2b3001b
:10a9f4009eec070088c8bf009e40780080cf5000be
:10aa040005003a00e3d32c0032c0b3009e4090000e
:10aa140040c9290061ff070089c8bf009e40780033
:10aa240080cf500007003a00e3d9280022c0b300c9
:10aa3400ae409000c0d0290058ff07000100370045
:10aa4400000000000080fa00000006000200fa0086
:10aa5400004f7800114798001e81fb00b0aa2a001d
:10aa64000010b8004308de006c00b9000000780054
:10aa740000005100004078006500b9000000780033
:10aa8400004178001e4090008080fb00b0aa2a009c
:10aa94000008b8004308de00004078000040410090
:10aaa4000080fa00000006000800fa004047980001
:10aab40051479800624798008188200091407800af
:10aac4004e40900000cf68001e80fb000000ea00aa
:10aad4004f00de00004f78009188200091407800fc
:10aae4005e40900000c068000080fb000000ea00a7
:10aaf4004f00de0010479800a188200091407800a4
:10ab04006e40900000c068000080fb000000ea0076
:10ab14004f00de002047980088c8bf00e14f400086
:10ab24000600320089c8bf00e14f40000300320034
:10ab34008ac8bf00e14f400006003a0010c0b300cd
:10ab440020479800ae409000114798001e419000a5
:10ab5400024f78002e4090000004e0001200320002
:10ab64001e4078000004a2000004e0000e00320041
:10ab74001e4090000004a2000004e0000a0032001d
:10ab84008ac8bf005e419000ce40900086ff070057
:10ab9400f35f2b0012c0b300ee40900040d82900b0
:10aba400fefe07003a0037001e4078000004e00073
:10abb4000800320088c8bf00e14f400005003200a1
:10abc40088c8bf0032c0b3008040780040c9290063
:10abd4000bff07001e4090000004e0000800320054
:10abe40089c8bf00e14f40000500320089c8bf009a
:10abf40022c0b30080407800c0d0290000ff0700c5
:10ac04002e4090000004e000080032008ac8bf0013
:10ac1400e14f4000050032008ac8bf0012c0b300f3
:10ac24008040780040d82900f5fe07001e407800d7
:10ac34000004e00006003a001e4090000004e0001a
:10ac440003003a002e4090000004e00001003200ae
:10ac540092fe0700e3d32c0032c0b300ce40900034
:10ac640040c92900cdfe0700e3d9280022c0b30063
:10ac7400de409000c0d02900c8fe0700f35f2b001f
:10ac840012c0b300ee40900040d82900c3fe070074
:10ac9400f35f2b0022c0b300f1c2b300f0c2b300d3
:10aca40069eb07004e4190008188200082487800bb
:10acb4005e41900091882000824878006e419000a7
:10acc400a1882000824878000080fa000000060075
:10acd4000200fa00600e22004f0507002200200047
:10ace4008000eb0080c0200058d907006bfe0700ed
:10acf40015130700000f78009e0078006380400061
:10ad0400650e220004b9260083c0200000017800eb
:10ad140081c5b30010c2b300b91007001e0078004b
:10ad240060489000a2e8b700a2c8bf0000427800c3
:10ad340003c1b30002c1b30011c0b300e0c4b30047
:10ad44005c10070000c0eb008ae8b7008ac8bf00a7
:10ad540089e8b70089c8bf0088e8b7000080fa0016
:10ad6400000006000600fa00f7120700000f780042
:10ad74001e007800a0409000214798001e00780033
:10ad840090409000314798001e00780010407800f1
:10ad9400be4090002dff0700404798002e419000d0
:10ada400be4090004e4090003fff07001e00780018
:10adb400e0489000a2c8bf0080cf50000b003200d2
:10adc4001e007800604890000042780003c1b30080
:10add40002c1b30011c0b300e0c4b30035100700d2
:10ade4001e00780060489000a2e8b7009e0078003a
:10adf40063804000650e220004b9260083c0200051
:10ae04000001780081c5b30010c2b3007c100700b4
:10ae14000080fa00000006000600fa00ca120700cb
:10ae2400000f7800600e2200fb0407001bfe0700e1
:10ae34001e007800a0409000214798001e00780072
:10ae440090409000314798001e0078001040780030
:10ae5400be409000fdfe0700404798002e41900040
:10ae6400be4090004e40900070fe070080c020005d
:10ae74008040eb000148780090c020008040eb0047
:10ae8400014878009e00780063804000650e22002f
:10ae940004b9260083c020000001780081c5b300f6
:10aea40010c2b300561007001e00780060489000de
:10aeb4000042780003c1b30002c1b30011c0b30063
:10aec400e0c4b300fb0f07001e0078006048900048
:10aed400a2e8b7000080fa00000006001400fa009f
:10aee40050079800414f9800524f980073079800fc
:10aef400040f9800150f9800de4890004e4890000b
:10af040080cf500008003e001e089000ce489000fc
:10af1400014878000e0890005e0190000208780055
:10af24004e48900069003700de4890004e4890007b
:10af340000c050000040e800104798001e409000f8
:10af44000080fb000140200000017800110009008e
:10af54008200d80010079800de0090001e009000c8
:10af640000017800110009008280d800004f7800a9
:10af74001e4090009e40780080cf500002003900af
:10af84001e409000004fe9004e4890001e4f4000c4
:10af94000e08900010007800e10f400007003a000e
:10afa4000e089000de009000010878001e08900052
:10afb4001e4878001e407800440037001e089000a8
:10afc400104078009e4f500006003a000e08900092
:10afd4005e019000020878001e089000104078007e
:10afe4003a0037001e089000904078004e489000c8
:10aff40000c05000404798004e4090008080fb0005
:10b004001e0090000088b900000078003007980006
:10b014004e4090000080fb000000e80080007800b3
:10b024001e0090000088b900000078000000e900cc
:10b0340040079800de0090007e0090008080400071
:10b044003e009000808f50000b0031001e089000dd
:10b05400904078004e48900080cf500006003600a3
:10b064001e089000104078008040e9001e089000ff
:10b074000148780010003700ce0090007e00900058
:10b08400808040005e009000808f50000a003100f4
:10b094001e089000904078005e48900080cf5000d9
:10b0a400050031001e089000104078008040e80040
:10b0b4001e089000014878000e089000de00900001
:10b0c400010878001e089000104078000080fa0003
:10b0d400000006001200fa0030079800014f9800a3
:10b0e400124f98005307980064079800750798005a
:10b0f400060f98006e0090000000e0000600320089
:10b104007e0090000000e000030032000e08900072
:10b114000000e00002003a000040eb004d00370060
:10b124009e4890000e48900080cf50000b003e00d7
:10b134000e0890008e489000014878007e00900030
:10b144008e489000014878006e009000be00900088
:10b15400010878000040eb003e0037009e48900054
:10b164000e48900000c050000040e800404798009e
:10b174004e4090008080fb003e0090000088b900a3
:10b18400000078004a00de00804078000e489000fd
:10b1940000cf40001e4890009e40780080cf5000b1
:10b1a400020036009e489000014f78006e00900027
:10b1b40010007800e10f400009003a006e00900092
:10b1c400be009000010878000e08900090407800be
:10b1d4007e009000014878000040eb001d0037001d
:10b1e400be0090006e0090001000780000805000b7
:10b1f400100798001e0090000000e00003003d00ce
:10b204001e0090000000ea00100798000e0890004d
:10b21400104078009e4f50000d0032009e009000b8
:10b224005e009000808f5000090039000e089000e5
:10b234001e4878007e0090001e4878006e00900042
:10b24400be0090000108780010c0b3000100370070
:10b254000040eb000080fa00000006000200fa0043
:10b26400000f78001e0078000000e0001900320092
:10b274001e007800500090000000e000040032003e
:10b284001e0078005000900080c0eb000148780058
:10b294001e007800600090000000e000040032000e
:10b2a4001e007800600090008040eb0001487800a8
:10b2b4001e007800700090000000e00006003200dc
:10b2c4001e007800700090008080eb000108780078
:10b2d40001003700000000000080fa0000000600b2
:10b2e4000400fa00100798001e0090000000e0001f
:10b2f400300032001e009000100090000000e000ba
:10b304002e0032001e009000300090000000e0008b
:10b314002c0032001e00900030009000000001005c
:10b32400104798000040eb00004f78000c003700f5
:10b334001e009000100190001e4090001e40680006
:10b344000080fb000000e9004f00de0000407800b0
:10b35400804078001e407800020001001e4fe80083
:10b364001e009000104078009e4f5000f0ff3e00f9
:10b374001e009000200090000000e0000400320055
:10b384001e009000a00090001e40900001000100eb
:10b394001e009000500090000000e0000a003200ff
:10b3a4001e009000500090009e40900001487800dc
:10b3b4000500370000000000030037000000000013
:10b3c40001003700000000000080fa0000000600c1
:10b3d4000400fa00100798001e0090000000e0002e
:10b3e400320032001e009000100090000000e000c7
:10b3f400300032001e009000300090000000e00099
:10b404002e0032001e009000500090000000e0006a
:10b414002c0032001e00900030009000000001005b
:10b42400004f78001e0090005000900010407800fb
:10b434009e4f5000250032001e00900050009000e6
:10b4440010407800e14f4000070032001e009000d9
:10b45400100190001e0090005000900010407800f1
:10b464008040eb00020001001e00900010019000db
:10b4740011c0b3001e407800020001001e009000bd
:10b48400200090000000e000040032001e00900044
:10b49400a00090001e407800010001001e009000f2
:10b4a400500090001e48780009003700000000009a
:10b4b400070037000000000005003700000000000e
:10b4c4000300370000000000010037000000000006
:10b4d4000080fa00000006000800fa001007980037
:10b4e40021079800320798001e0090000000e00039
:10b4f400100032001e009000300090000000e000b8
:10b504000c0032001e009000400090000000e0009b
:10b51400080032001e009000700090000000e0005f
:10b52400040032001e009000600090000000e00063
:10b5340002003a000040eb001d0037001e0090009e
:10b544003000900000000100004f78001e009000c1
:10b55400600190001e009000f00090001e0090001a
:10b56400104078000040e90082027800010278006f
:10b57400be019000004178008040eb002e00900056
:10b5840056fe0700104798001e4090009e4f500042
:10b59400060032001e009000c00090001e40900083
:10b5a4000100010010c0b300010037000040eb00af
:10b5b4000080fa00000006000c00fa0040479800e2
:10b5c400514798006247980043079800244f980019
:10b5d400354f98004e4090000080fb00801f78009b
:10b5e40020f22900801f78000e0078000ad7070097
:10b5f400e48757000e007800ce0290000002780025
:10b60400be4990002e499000ee4090005e409000ac
:10b6140023eb07000080fa00000006000a00fa008d
:10b6240060479800410798006e4090008080fb00be
:10b634000e80e800811f780021f22900811f780024
:10b64400f5d60700e4875700c0c0b300004f780068
:10b654001e80fb000106200000805000cf00de00a9
:10b66400008040000080d100104798000e80e80060
:10b67400ce0290000002780013c0b30012c0b300e1
:10b6840081c3b3001e40900005eb07000080fa0060
:10b69400000006000600fa002047980021079800e1
:10b6a400c0c0b300004f78001e80fb0001062000dc
:10b6b40000805000cf00de00008040000080d100f8
:10b6c400104798002e4090000004e0000200320071
:10b6d40070f2290001003700a0f22900ae029000a8
:10b6e4000002780013c0b30012c0b30061c0b300fd
:10b6f4001e409000eaea07000080fa0000000600fd
:10b704000000fa0000c5b3000080fa000000060043
:10b714000000fa00600e2200bf0207003200200081
:10b724008000eb00e0bf2000c8d607002200200004
:10b734008000eb0020c02000c4d6070000c0200019
:10b7440080c0eb000148780010002000704488009d
:10b754008c68ef000080fa00000006000c00fa007c
:10b76400600e2200ac020700771007001007980053
:10b774001e009000104f78000040eb00304f9800fe
:10b784001e009000300090000000e00005003a0028
:10b794006b004700800078001e407800ff0507001a
:10b7a400004f7800d6ff0700404798004e409000b5
:10b7b4000080fb000106200000805000cf00de0066
:10b7c400008040000080d10050479800de40900087
:10b7d400614798006e4090000042b00070479800a6
:10b7e4007e40900070404000004f980045c0b30078
:10b7f40034c0b300e3d9280022c1b300ee40900066
:10b804001e4078006cff0700d0f22900e5d928001b
:10b814000002780043c0b30032c0b30021c1b300ba
:10b824007e4090009eea07001e00900010409000a9
:10b8340045c0b30034c0b300e3d9280022c1b3002b
:10b844008e4890005cff07001e009000204090008e
:10b8540001b9260071ff070020c020008040eb00e2
:10b8640001487800e0c1b300104f98001e489000d2
:10b874000080fb000106200000805000cf00de00a5
:10b88400008040000080d100204f98001e009000ee
:10b8940063004000650e220004b9260023c0200086
:10b8a40000017800c1c4b3002e489000d40d0700f5
:10b8b4001e009000300090000000e00003003a00f9
:10b8c4003e489000e1d32c0072ff07001e00900058
:10b8d400604890000042780003c1b30002c1b30085
:10b8e40011c0b300e0c4b300720d07001e00900045
:10b8f40010017800f25f880001c020002041900010
:10b90400824878001e00900021c020003041900041
:10b914008248780031c0200040419000824878007d
:10b924001e009000604890008ce8b7001e00900054
:10b9340030009000704488000080fa000000060087
:10b944001600fa0000100700200798002e0090004f
:10b95400ef004700904878008100e8000000e8000c
:10b96400904878008100e8000000e80090487800e2
:10b974008100e8000000e8002e009000b040900034
:10b9840021579800c0409000315798000040eb00c8
:10b99400004f78000040eb0040579800fe489000ac
:10b9a400114798002e009000300090000000e00045
:10b9b40004003a007e489000f40047007705070031
:10b9c400104798002e009000b00090007044800052
:10b9d400808f50000200320060ff0700a70037008c
:10b9e4009e50900000c020001040780080cf50008e
:10b9f4000700320000c0200010407800610e2200d1
:10ba040006ff07001e50900001b9260003ff07003f
:10ba14003bff0700604798006e4090000080fb00e9
:10ba24000106200000805000cf00de0000804000ae
:10ba34000080d10070479800fe409000014f9800ac
:10ba44000e4890000042b000104f98001e4890002d
:10ba540070404000204f98008e509000f0bf2000ae
:10ba64001040780080cf500011003200f0bf200059
:10ba74001040780045c0b30034c0b300630e220008
:10ba840022c1b300ae489000cbfe07000e509000d8
:10ba940045c0b30034c0b300e3d9280022c1b300c9
:10baa400ae489000c4fe070010c0b300004f7800f9
:10bab400e0bf200090407800214798000040eb0050
:10bac400505798002e009000300090000000e000d5
:10bad40019003a00e0bf200010407800f50047004c
:10bae4002e050700204798009e4090002e409000ad
:10baf40080cf50000200320010c0b300004f780025
:10bb0400ce5090005e50900080cf50001100320063
:10bb14004e5090000004a2000080fb00004078001a
:10bb2400610e2200dbfe07004e509000e1d32c0092
:10bb3400d8fe070007003700fe489000e0bf200051
:10bb44001040780080cf50000200320010c0b300d3
:10bb5400004f78001e4078000004e0001f0032000f
:10bb64002e009000300090000000e000030032003e
:10bb7400e0bf200010407800010037002e40900004
:10bb8400304f98002e009000300090000000e0003c
:10bb9400020032007e489000010037001e409000f1
:10bba400404f980045c0b30034c0b300630e220078
:10bbb40022c1b3008e4890003e4890007efe0700ec
:10bbc40045c0b30034c0b300e3d9280022c1b30098
:10bbd4008e4890004e48900077fe0700e0c1b30005
:10bbe400504f98005e4890000080fb000106200042
:10bbf40000805000cf00de00008040000080d100b3
:10bc0400604f980072004700650e220004b92600b8
:10bc140023c0200000017800c1c4b3006e48900026
:10bc2400f70c07002e009000604890000042780056
:10bc340003c1b30002c1b30011c0b300e0c4b30038
:10bc44009c0c07006f004700e1bf2000904878007b
:10bc54008100e8000000e800904878008100e800d6
:10bc64000000e800904878008100e8000000e80047
:10bc74002e00900030009000704488000080fa008c
:10bc8400000006000200fa00000f7800c005200042
:10bc94009e007800808f500004003200d005200000
:10bca4009e007800808f500009003a00c0052000f3
:10bcb4009e007800808f500002003a0010c0b3004c
:10bcc4000100370020c0b30074e8b700010037005a
:10bcd4007468ef000080fa00000006000200fa0019
:10bce400004f780011479800090107000004a200e2
:10bcf4000004e000020032000080eb000c0037007a
:10bd04001e407800160d0700004f78001e4090007a
:10bd1400130d070010479800fd0c07001e80fb0060
:10bd2400c800dd001e4090000080fb000100700090
:10bd34000080fa00000006000200fa0020c3b300ed
:10bd4400004f780012c0b3008e007800000a200073
:10bd54006600070000c2b300004f780012c0b300b1
:10bd64008e007800100a2000600007000080fa00ae
:10bd7400000006000000fa000041eb008000eb0028
:10bd8400c0052000590007008f26a9008e66a80070
:10bd94000080fa00000006000000fa000041eb00f9
:10bda4008000eb00d0052000500007008f26a9007a
:10bdb4008e66a8000080fa00000006000800fa0061
:10bdc40000017800310798003e0090004800de0032
:10bdd400004f78003e009000104798001e80fb0042
:10bde4004300de0000407800204798001e80fb00de
:10bdf400670060004300dd00804078001e40900032
:10be04000080fb004500de000040780000c07000a8
:10be1400304798001e4090007f40600040479800e3
:10be24000e80e80082007800904878008100e800e5
:10be34000000e800904878008100e8000000e80075
:10be4400904878008100e8000000e80002007800d3
:10be54000080fa00000006000600fa00204798005f
:10be640031479800424798002e4090007f40600080
:10be7400204798003e409000f043b20030479800bd
:10be84004e4090007f406000404798002e40900054
:10be94000080fb004300dd00804078003e409000bd
:10bea4000080fb004300de000040780000c070000a
:10beb400004f78003e4090000080fb004500dd000c
:10bec400804078004e40900000c0700010479800f9
:10bed4001e80fb00c800dd001e4090000080fb00b7
:10bee400010070000080fa00000006000600fa005d
:10bef400000f78001107980042479800840007005b
:10bf04000004a2000004e00014003a008f26a900f7
:10bf14008e66a9001e00780000407800900c07008f
:10bf24004e4090000004e000070032008e66a80036
:10bf34004e4090000080fb00800078001e009000be
:10bf4400ad0c07008e66a9008f26a800700c0700b0
:10bf54001e0078004bff07000100370000000000be
:10bf64000080fa00000006000400fa002047980050
:10bf7400314798002e409000f1c5b300814f500026
:10bf840001003600f0c5b300004f78003e40900039
:10bf9400f1c5b300814f500001003600f0c5b30075
:10bfa4001047980022c0b3008e007800500720008c
:10bfb400ceff07000080fa00000006000400fa002b
:10bfc40020479800314798002e409000f1c5b300f7
:10bfd400814f500001003600f0c5b300204798009f
:10bfe4003e409000f1c5b300814f5000010036007f
:10bff400f0c5b300304798002e40900070404000d8
:10c00400004f78003e409000704040001047980078
:10c0140022c0b3008e00780050012000b3ff070057
:10c024000080fa00000006000200fa00004f7800c9
:10c034001e4078000004e00002003200e00a200004
:10c0440001003700f00a20000041eb008000eb0003
:10c05400a6ff07000080fa00000006000000fa00b6
:10c0640074c8bf00e24f5000010032004aff0700cd
:10c0740074c8bf00e24f5000020032000080eb00a1
:10c084000300370080c0eb0000c0eb0013ff070083
:10c094000080fa00000006000400fa00004f780057
:10c0a40011479800224798002e4190009e4090002e
:10c0b4001e40780068ff0700020007000080fa00b5
:10c0c400000006000200fa00000f780074c8bf00e8
:10c0d400e14f50000100320026ff070074c8bf0082
:10c0e400e14f500007003a001e00780080407800bd
:10c0f4001e0078004800de0000407800f7fe0700cc
:10c1040001003700000000000080fa000000060073
:10c114000000fa00020c07000080fa00000006008c
:10c124000000fa0063a6a90077a6a90077e6a90093
:10c134008a26a9008a66a9008b06a9008b26a90075
:10c144008f06a90067a6a8008e26a900100020006b
:10c15400aa0e070067a6a90020002000b80e070059
:10c1640067a6a8008f06a80010002000a30e0700f1
:10c174000040eb00acff0700800c20009f0e07007e
:10c18400f1c5b3000040eb008cff0700f1c5b3001c
:10c194000040eb0074ff0700e7fe07000080fa0090
:10c1a400000006000200fa0001c6b3000040eb00e4
:10c1b40082ff070001c6b3000040eb006aff0700de
:10c1c4000040eb00004f78000d0037000040eb000a
:10c1d4001047980005003700b0438000b9ff0700fe
:10c1e4001e4090000040e800104798009e409000d8
:10c1f400f0c5b30080cf5000f7ff36001e4fe800b3
:10c20400f0c5b3009e40780080cf5000efff3600a9
:10c214000080fa00000006000200fa00000f780017
:10c224009e007800b1438800deff07000080fa001a
:10c23400000006000000fa00b04380000080fa000d
:10c24400000006000200fa00000f78001e007800cb
:10c254000000e000070032001e0078001001be005c
:10c26400825e8800935e8800a0019000a35e88002f
:10c2740006003700006a280011002000805e880054
:10c28400915e880020032000a05e880060bd20002d
:10c29400f05e880060bd2000e05e8800005f8000e2
:10c2a4000010a000005f8800005f80000000a10073
:10c2b400005f880010be20008040eb000148780039
:10c2c4009be4a9009e24ef009a24ef009c24ef0035
:10c2d400825e8000935e800000a82100610020003f
:10c2e400800f5100818f59000b0036009b24a80059
:10c2f400805e8000915e80000001be0000902000fe
:10c30400d1032000d0d10700000078000000e9002c
:10c31400c02488000a0037009b24a900805e8000a6
:10c32400915e80000001be0000902000d103200037
:10c33400c5d10700000078000000e900c02488008f
:10c344009be4a8008a20a9009a20a8000080fa0093
:10c35400000006000000fa00604180006600400012
:10c36400604188002ac8bf000040e9002ae8b700fd
:10c374002ac8bf000004e00003003a004000200087
:10c38400404188000200370010002000404188002e
:10c394000080fa00000006000200fa00000f780096
:10c3a4009a44a800704180000000e00007003200b9
:10c3b40070418000200090000000e0000300320083
:10c3c40070418000200090001e0878002828ef00ab
:10c3d4000080fa00000006000600fa00004f780012
:10c3e4001107980022079800005f80006100600038
:10c3f4000000e00023003a002e009000110020000d
:10c4040001087800e05e80009e0090001100980012
:10c41400e05e80001e487800e05e8000ae00900080
:10c4240021009800e05e800066004000e05e880025
:10c43400e15e8000c0bd2000808f500002003a0001
:10c4440060bd2000e05e8800005f80000010a10055
:10c45400005f8800f15e8000e05e8000808f500005
:10c4640003003a00005f80000000a000005f880025
:10c47400404180000000e00005003a008a20a80046
:10c48400030037002e0090008000eb0001087800c4
:10c494000080fa00000006000800fa00000f78008f
:10c4a4001107980042479800330798003e00900017
:10c4b40000004000800078001e0078000108780029
:10c4c4001e00780010007800800078000100a000b1
:10c4d4001e007800010878001e007800ce4090000d
:10c4e400214098001e0078009e00900021009800d2
:10c4f4000080fa00000006000800fa00000f78002f
:10c504001107980042479800330798003e009000b6
:10c5140000004000800078001e00780001087800c8
:10c524001e007800ce409000214098001e00780044
:10c534009e009000210098000080fa000000060090
:10c544000600fa0020079800a05e80008000eb003f
:10c55400008fbe0014003700f1248000004020004a
:10c56400008060000000e000030032009f44a90046
:10c5740030002000250037001e00be00e00f5000f0
:10c58400e08f580002003a00200020001f0037000e
:10c5940010002000990d07000081eb008081eb0062
:10c5a4001e0f41005e9749002e0090001000780095
:10c5b400e10f5000e8ff32002e00900010007800d8
:10c5c400e50f500007003e00e40f50000a00310060
:10c5d400e20f500006003200e30f50000800320062
:10c5e40009003700e60f500005003200060037004e
:10c5f4000000eb00050037001000200003003700a6
:10c604003000200001003700300020000080fa00d4
:10c61400000006000e00fa00204f9800314f9800e9
:10c62400424f9800be489000014f7800ce489000d9
:10c63400114798002e4890008080fb000e80e8008f
:10c644008101780022c0b3008e007800aaff0700a1
:10c65400e80047000e80e8000101780080007800bf
:10c6640010c0b3005cff070068004700b4ff070078
:10c674000080fa00000006001600fa000057980037
:10c6840011579800120f9800435798009e5090003d
:10c69400014f78000e5090008080fb000e80e8006f
:10c6a4008101780012c0b3008e00780092ff070069
:10c6b4000e5090008080fb000e80e8006600400071
:10c6c400810178004e5190009e08900072ff07008f
:10c6d400ee0047000e80e800010178008000780039
:10c6e40020c0b3003cff07006e00470094ff070022
:10c6f4000080fa00000006000400fa00004f7800f1
:10c70400114798001207980013c0b3001e0190004f
:10c714009e4090001e407800d7ff07000080fa007a
:10c72400000006000200fa00004f780010c0b300b9
:10c734009e407800efcf5000010036000040eb002f
:10c744000080fa00000006000200fa00004f7800a2
:10c754001e407800ef4f50000e003e001e80fb008c
:10c76400110020000008dd0080007800b033800054
:10c7740001007000b03388001e80fb00110020000f
:10c784000008dd0080007800f033800001007000b4
:10c79400f03388000080fa00000006000200fa006e
:10c7a400000f78001e0078000000e00002003a004c
:10c7b400e0ff2f00580037001e007800104078007a
:10c7c400d8ff07000004a2000004e00002003200c9
:10c7d400e0ff2f00500037001e007800e1be20006b
:10c7e400b0187800a0107800e48040006400400095
:10c7f400b0187800a0107800e48040006400400085
:10c80400900878008180e8000080e80047e7a900ec
:10c814001e00780010407800cbff0700613a8000ca
:10c82400f0f12f0000806000603a88001e0078005c
:10c83400104078007f4060000080fb007f006000b3
:10c84400623a800001fe2f00810061000100700047
:10c85400603a8800313a8000f0f02f008080600058
:10c864000007200001007000303a88004647a90004
:10c874001e00780020009000e10f500006003a00ee
:10c88400313a8000f0cf2f00008060000090a000bb
:10c89400303a880004003700313a8000f0cf2f008e
:10c8a40000806000303a88001e007800100090007c
:10c8b4000000e00002003a004747a90001003700e9
:10c8c4004747a8004827ef004be7a9001e0078005f
:10c8d40030009000004078007f4060000080fb0042
:10c8e4007f0060004800dd00523a8000f10f2e0006
:10c8f4008100610001007000503a88001e00780039
:10c90400004890004ae7b70047e7a80010c0b3000a
:10c914009ae8b7000000eb000080fa00000006006f
:10c924000200fa00004f78009ac8bf000004a20079
:10c934000004e000020032000080eb001700370022
:10c944001e40780077ff07000004a2000004e00006
:10c9540002003200e0ff2f001000370047e7a90073
:10c964001e40780078ff07009e4078007fc060007a
:10c974000080fb007f006000623a800001fe2f000f
:10c984008100610001007000603a8800e0be200070
:10c994001e48780047e7a8000000eb000080fa007a
:10c9a400000006000400fa00100798009ac8bf00af
:10c9b4000004a2000004e000020032000080eb004a
:10c9c4001d0037001e0090000000e00002003a0045
:10c9d400e0ff2f00180037004627a800a000200021
:10c9e400970c07004627a90000712200000f780069
:10c9f400010037001e0fe900303a8000610060003a
:10ca04000000e00003003a001e0078000000e0008f
:10ca1400f8ff3a001e0078000000e00002003a002f
:10ca2400d0ff2f0004003700913880001e009000d2
:10ca3400010878000000eb000080fa000000060006
:10ca44000600fa00200798009ac8bf000004a2005c
:10ca54000004e000020032000080eb003a003700de
:10ca64002e0090000000e00002003a00e0ff2f00da
:10ca7400350037000e80e800caff0700000f780079
:10ca84001e0078000000e000020032001e00780062
:10ca94002d003700805f80000000e00015003a00a0
:10caa400905f8000e10f500009003a001e009000e2
:10cab4008000eb00e2cf070002f02f00f3772400a0
:10cac400f4cf07002e0190000089be001d0037003e
:10cad4001e0090008000eb00d9cf070002002c005c
:10cae400f3472400ebcf07002e0190000089be001d
:10caf40014003700905f8000e10f500009003a00f5
:10cb04001e0090008000eb00cdcf070002f02f0044
:10cb1400f3772400dfcf07002e0190000089be00c8
:10cb2400080037001e0090008000eb00c4cf07000f
:10cb340002002f00f3572400d6cf07002e019000e7
:10cb44000089be000000eb000080fa00000006002f
:10cb54000000fa009ac8bf000080fa000000060036
:10cb64000200fa00000f78009ac8bf000004a20077
:10cb74000004e000020032000080eb0013003700e4
:10cb84001e0078000000e00002003a00e0ff2f00e1
:10cb94000e0037009e007800e0be2000b018780038
:10cba400a0107800e480400064004000b0187800d1
:10cbb400a0107800e48040006400400090087800f1
:10cbc4008180e8000080e8000000eb000080fa00ab
:10cbd400000006000000fa0047e7a9009a68ef0089
:10cbe4000080fa00000006000000fa0062c0b300f2
:10cbf4001000200001002000f70a070052c0b30013
:10cc04002041200001002000160b070080bf2000f7
:10cc14008040eb000148780090bf20008040eb008a
:10cc240001487800a0bf20008040eb000148780054
:10cc3400c0bf200011c0b30001487800d0bf20005d
:10cc440011c0b300014878008028ef008228ef006b
:10cc54000080fa00000006000200fa00000f7800cd
:10cc64001e00780010407800f74f50001b003e0073
:10cc74001e00780090409000b0c3b30080cf5000f5
:10cc840016003e001e007800a0409000b0c3b30020
:10cc940080cf500011003e00ff3ffc001e007800d2
:10cca40081bf2000904878008100e8000000e8007f
:10ccb400904878008100e8000000e800904878007f
:10ccc4008100e8000000e80010c0b300080b070072
:10ccd40000448800114488000000fc000080fa0031
:10cce400000006000400fa00100798001e009000df
:10ccf400104090000004e000220032001e0090006a
:10cd040010409000ec4f50001e003e001e009000aa
:10cd140010409000b9000700004f78001e009000fa
:10cd2400104078000004e000160032001e0090005d
:10cd3400104078009e4f500012003e00ff3ffc0060
:10cd44001e009000c1bf200090487800d1bf200091
:10cd54001041900082487800fb0a07009000780098
:10cd6400c15f8800a1bf2000204190008248780064
:10cd740010c0b300de0a0700004488001144880094
:10cd84000000fc000080fa00000006001c00fa000d
:10cd9400500f980010c0b300d50a07001007980080
:10cda4002107980000448000114480001e01900077
:10cdb400ae019000000051008180590030079800b6
:10cdc4004107980080bf2000104078008080fb005d
:10cdd40000e120000088b9000001780090bf200025
:10cde400104078008080fb00c00320000088b90058
:10cdf4000000780080004100a0bf200010407800af
:10ce04000080fb0000804000cf80de0050079800c7
:10ce1400610798005e019000ee0190003e009000d2
:10ce2400ce00900002004000838048007007980004
:10ce3400010f98007e0090008e08900002182500d3
:10ce44001300200000cf0700100f9800c0bf20007f
:10ce5400904078001e0890000040780000cf400009
:10ce6400d0bf200090407800114798000c00370094
:10ce74001e409000610007009e40780000cf5000e3
:10ce84001e4090000040e800104798001e409000ab
:10ce9400ec4f50000200360010c0b3001047980059
:10cea4001e409000550007009e4f5000f0ff3900cf
:10ceb400a50a0700200f98002e0890009e407800d5
:10cec400314098002e0890009e4090004140980008
:10ced4007e0090008e0890000218250013002000a8
:10cee400e9ce0700300f9800410f98003e089000eb
:10cef400ce08900002e1200003002000d2ce0700fb
:10cf0400804078005e089000014878003e08900058
:10cf1400ce08900002e1200003002000dace0700d2
:10cf2400c203200003002000c7ce07008040780021
:10cf34005e089000114098003e089000ce089000d2
:10cf4400c203200003002000cfce070080407800f9
:10cf54005e089000214098000080fa00000006005e
:10cf64000200fa00000f7800770a07009e0078009c
:10cf740030419000824878004041900092409800ef
:10cf84000080fa00000006000000fa0020c0b30090
:10cf9400570a07000080fa00000006000400fa00a7
:10cfa400004f78001107980010c0b3009e4078002d
:10cfb400ebcf500001003e000040eb009e009000cb
:10cfc400804878001e4078000004e00002003a0027
:10cfd400c0c0b300070037001e407800ec4f50007b
:10cfe40002003e001e407800020037009e40780098
:10cff4006cc050000080fa00000006000200fa0035
:10d00400004f78001e4078000004e0000300320066
:10d014001e407800ec4f500002003600e0c1b3001f
:10d02400040037001e80fb000000e900c1f3290062
:10d03400614078000080fa00000006000200fa0057
:10d04400004f78005bc8bf001e4068000080fb00f2
:10d054000000e9004f00de00004078000080fa0084
:10d06400000006000600fa00100798002107980047
:10d074005ac8bf000080fb008000e8007000280050
:10d08400008060000000e00004003d000000e900b2
:10d0940081ff2f00008070000000e800004f78003e
:10d0a4001e407800e5ff07000004e00002003200a3
:10d0b4000040eb000c0037005ac8bf000080fb00a2
:10d0c400c200dd00a0b42000008040001e019000da
:10d0d400ae0190000288be009e407800a385200027
:10d0e4008149780010c0b3000080fa0000000600f7
:10d0f4000200fa00000f7800a1852000914078001a
:10d104005bc8bf0080cf500002003a000040eb0033
:10d11400160037005bc8bf008080fb001e0078004b
:10d124004209dd00a1b420008100410031187800db
:10d13400211078005bc8bf000080fb008000e8007d
:10d1440070002800008060000000e00004003d0042
:10d154000000e90081ff2f00008070000000e8005b
:10d16400004078005be8b70010c0b3000080fa000c
:10d17400000006000000fa005a68ef005b68ef0048
:10d184000080fa00000006000000fa0052c8bf0048
:10d194000080fa00000006000200fa00004f780048
:10d1a4001e41780021852000824878000080fa0022
:10d1b400000006000000fa00e309070040009000a8
:10d1c400004078000080fa00000006000200fa0027
:10d1d400004f7800dc0907009e80fb0041009800a6
:10d1e4000080fa00000006000000fa00d6090700db
:10d1f40030009000004078000080fa000000060033
:10d204000200fa00004f7800cf0907009e80fb005f
:10d21400310098000080fa00000006000000fa00c7
:10d22400c9090700604890000080fa000000060069
:10d234000200fa00004f7800c30907009e80fb003b
:10d244008100ea00cf08de00814078006148980040
:10d254000080fa00000006000400fa00204798004d
:10d26400b9090700000f78002e409000e14f5000ec
:10d2740008003a001e007800300090000000e00032
:10d2840002003a004087290001003700408b290042
:10d29400110037002e409000e54f500008003a007e
:10d2a4001e007800604890000004e0000200320094
:10d2b400407b290001003700407f29000600370029
:10d2c4002e4090000080fb008000400000ab200056
:10d2d40000804000100078000080fa000000060082
:10d2e4000200fa00004f78001e80fb00c200dd003f
:10d2f40000a0290000804000100078000080fa009f
:10d30400000006000200fa00004f78001e4078007a
:10d314000004e00002003200a0a52900010037004b
:10d32400d0a529000080fa00000006000800fa00d9
:10d3340010079800414798003207980082090700b7
:10d34400000f78001e0078009e00900011089800dd
:10d354000080eb00404088000080eb0050408800d3
:10d364000080eb00604088000080eb007040880083
:10d374000080eb00804088005768ef0000c0eb009d
:10d3840012e8b70000c0eb0013e8b70000c0eb00e0
:10d3940014e8b7005968ef0052c8bf0000e8b700ae
:10d3a4001e007800400090000040780001e8b700bb
:10d3b4001e007800300090000040780002e8b700ba
:10d3c4001e0078006048900003e8b70052c8bf0010
:10d3d40053e8b7001e007800400090000040780039
:10d3e40054e8b7001e007800300090000040780038
:10d3f40055e8b7001e0078006048900056e8b70072
:10d404004e4090000004e000020032003e00900014
:10d41400010037000080eb00204088004e4090005f
:10d424000004e000020032003e00900001003700da
:10d434000080eb003040880010c0b30058e8b7000b
:10d444004cff07001e009000e30f5000090032005b
:10d454001e009000e40f5000060032001e009000f1
:10d46400e50f5000030032001e009000e70f50004b
:10d4740003003a001e0078005050900012e8b700f4
:10d484000080fa00000006000000fa00f90307001b
:10d494000080fa00000006000c00fa00bafe070043
:10d4a40030079800410798000000eb00000f780057
:10d4b40021338000008020000080600000f0a7007d
:10d4c4000000ea000000e9004f00de00204f980051
:10d4d40021338000000021000080600000f0a700dc
:10d4e4000000ea000000e9004f00de00304f980021
:10d4f4002e4890000004e0001100320060812000fa
:10d50400104078000004a2000004e0000c00320087
:10d514006081200011c0b3000148780060812000c0
:10d524003e019000ce019000120098002300980064
:10d53400608120008040eb00614098003700370094
:10d544002e4890000004e0001f003200608120009b
:10d55400104078000004e0001b00320060812000cd
:10d56400604090000004a2000004e00016003200b5
:10d574003e4890000004a2000004e00027003200ae
:10d5840060812000a0009000100090003e019000f7
:10d59400ce0190000001510081815900f07c2000ef
:10d5a40001002000800f5100818f59001a003600bd
:10d5b4006081200011c0b300614098002000200069
:10d5c400000f7800150037002e4890000004a200d8
:10d5d4000004e00011003200608120001040780057
:10d5e4000004e0000d0032006081200060409000e3
:10d5f4000004a2000004e000020032001000200039
:10d60400000f7800608120008040eb000148780022
:10d614002668ef0001003700000000001e007800bb
:10d624000000e0004b003a003e4890000004e00097
:10d6340011003200e0812000104078000004a200b4
:10d644000004e0000c003200e081200011c0b300af
:10d6540001487800e08120003e019000ce01900056
:10d664001200980023009800e08120008040eb0025
:10d6740061409800370037003e4890000004e00005
:10d684001f003200e0812000104078000004e00018
:10d694001b003200e0812000604090000004a200e2
:10d6a4000004e000160032002e4890000004a2009e
:10d6b4000004e00027003200e0812000a000900078
:10d6c400100090003e019000ce0190000001510036
:10d6d40081815900f07c200001002000800f51005e
:10d6e400818f59001a003600e081200011c0b30078
:10d6f4006140980040002000000f780015003700ba
:10d704003e4890000004a2000004e0001100320032
:10d71400e0812000104078000004e0000d00320099
:10d72400e0812000604090000004a2000004e000ba
:10d734000200320030002000000f7800e081200059
:10d744008040eb00014878002668ef0001003700b4
:10d75400000000001e0078000000e00031003a00e4
:10d764002e4890000004e0002e0032003e48900055
:10d774000004e0002b0032006081200010019000c2
:10d78400a00190001207980023079800e081200070
:10d7940010019000a00190001e009000ae009000c7
:10d7a400800f5100818f590005003600e081200070
:10d7b40010019000a0019000120798002307980020
:10d7c40026c8bf000004a2000004e00015003200d7
:10d7d4003e019000ce0190001e009000ae0090002b
:10d7e4000001510081815900f07c200001002000db
:10d7f400800f5100818f59000a00360010c0b30019
:10d8040026e8b7006081200011c0b3006140980091
:10d81400e081200011c0b300614098005000200056
:10d82400000f78001e0078000080fa000000060057
:10d834000400fa00000f78001107980021338000db
:10d84400008020000080600000f0a7000000ea00d3
:10d854000000e9004f00de00804078001e007800e0
:10d86400014878002133800000002100008060001e
:10d8740000f0a7000000ea000000e9004f00de000d
:10d88400804078001e009000014878000080fa0073
:10d89400000006000200fa00000f78000080fa0081
:10d8a400000006000200fa000040eb00004f780080
:10d8b4000d0037001e80fb00c400dd00e08b20005b
:10d8c400008040008040eb00014878001e80fb008f
:10d8d400c400dd00208b200000804000c1c426006d
:10d8e400010878001e4fe8001e407800ff4f5000ea
:10d8f400f0ff36000080fa00000006000400fa0081
:10d9040020479800ae409000014f78000e00370089
:10d914001e80fb009e80fb008100e8004401dd00c6
:10d92400008b2000000041004409dd00018b200031
:10d934008100410007000900311878000001b1009e
:10d944000101b1001e4fe8001e407800fe4f500058
:10d95400efff3600e0aa20008040eb000148780089
:10d964000080fa00000006000200fa00004f780070
:10d974001e40780001c2b300814f50000100360000
:10d9840000c2b300004f78001e80fb00c400dd001d
:10d99400008b2000008040000080fa000000060098
:10d9a4000a00fa004047980031079800420798009f
:10d9b4004e409000ff4f500001003600f0c1b3000c
:10d9c40040479800f0c1b300004f78000e003700c4
:10d9d4001e80fb009e80fb008100e9004401dd0005
:10d9e400008b2000000041004409dd00018b200071
:10d9f4008100410007000900311878000001b100de
:10da04000101b1001e4fe9004e4090009e40780095
:10da140080cf5000030036001e4078000004e00070
:10da2400ebff3a004e4090000080fb00c400dd0094
:10da3400008b200000804000100798001e01900019
:10da4400ce0090003e009000afde07000080fa0098
:10da5400000006000200fa00004f78001e80fb0060
:10da64004400dd008080e800008b2000008040003e
:10da7400900078001e80fb004401dd00008b200034
:10da840000004100010001000080fa0000000600cf
:10da94000200fa00004f78009e4078000040eb003e
:10daa400090007000080fa00000006000200fa00e6
:10dab400004f780001c2b3001e4078000200070046
:10dac4000080fa00000006000400fa0020479800d5
:10dad400314798003e40900001c2b300814f50008e
:10dae4000100360000c2b30030479800ae409000f9
:10daf400014f7800140037001e80fb004400dd0055
:10db0400ee004000008b20000080400010407800b0
:10db14000004e0000b0032001e80fb004400dd0026
:10db24008080e800008b2000008040009000780096
:10db34001e80fb004401dd00008b2000000041003a
:10db4400010001001e4fe8003e4090009e40780016
:10db540080cf5000e8ff39000080fa000000060082
:10db64000800fa0040479800310798004e409000a2
:10db74007dff0700000f78001e007800a0009000d1
:10db8400110798001e007800be0090002100980044
:10db94001e007800900090001e0078000100010033
:10dba4001e0078009e009000210098000080fa007a
:10dbb400000006000400fa00100798000040eb0083
:10dbc400004f78000c0037001e80fb004400dd008d
:10dbd400ee004000008b20000080400010407800e0
:10dbe4000004e000030032009e0090001e40780014
:10dbf400dbff07001e4fe8001e407800ff4f500077
:10dc0400f1ff36000080fa00000006000000fa0070
:10dc140001c2b3000040eb00abff07000080fa0034
:10dc2400000006000200fa00000f78001e007800d1
:10dc3400e10f5000030032001e007800e20f500094
:10dc440008003a00303380000080a00030338800a0
:10dc540020032000e9070700303380000080a10082
:10dc6400303388001e007800e30f500008003a00ab
:10dc7400303380000090a00030338800200320005f
:10dc8400de070700303380000090a10030338800a5
:10dc94000080fa00000006000600fa001007980051
:10dca4002107980028070700000f78001e00900045
:10dcb400e20f500008003a004deb0700b2fc0700e9
:10dcc400a0448800b14488001e00780011c0b3004d
:10dcd400116098002c0037001e009000e40f5000e3
:10dce40007003a001e00780021002000510098002f
:10dcf4001e00780011c0b3001160980022003700a4
:10dd0400ae0307000004e0000b0032001e00900088
:10dd1400e10f5000030032001e009000e30f50009a
:10dd240005003a008a0307001e00780011c0b30002
:10dd340011609800140037001e009000e30f50009b
:10dd440011003a001e007800400090000001e80035
:10dd5400b0aa2a000010b8000100d1006300b90085
:10dd640000007800000051009e007800c000980078
:10dd74001e00780011c0b30011609800300020002c
:10dd8400a8ff0700000000000080fa000000060061
:10dd94000800fa002007980031079800ea060700f7
:10dda400000f7800a0448000b1448000e00f5000d0
:10ddb400e08f58000d00320073fc07000001be0024
:10ddc400a0448000b14480000001510081815900c9
:10ddd400b012200001002000800f5100818f5900f3
:10dde40002003e000000eb00300798003e00900067
:10ddf400e10f5000030032003e009000e20f50009b
:10de040007003a000deb07009428ef009628ef0076
:10de14001e00780011c0b30011609800070037009d
:10de24002e0090007fff070095030700100798005d
:10de34009e0090002e0090000beb07000080fa007b
:10de4400000006000600fa00100798002107980059
:10de5400bd060700000f78001e009000e20f50007e
:10de640005003a00e2ea07001e00780011c0b30082
:10de740011609800190037001e009000e40f500054
:10de840005003a00edea07001e00780011c0b30057
:10de940011609800110037001e00900061ff070018
:10dea4001e0090000000a20000f0a7000000ea009d
:10deb4000000e9004f00de00804078001e00900062
:10dec4006300680000f0a7000000ea000000e90019
:10ded4004f00de0000407800d7e507000080fa001c
:10dee400000006000600fa001007980021079800b9
:10def40095060700000f7800300307000004e000d7
:10df04000b0032002e009000e10f5000030032009d
:10df14002e009000e20f500005003a000c030700a9
:10df24001e00780011c0b300116098001f00370074
:10df34001e009000e50f500002003a001bf007009d
:10df44001a0037001e00780050009000e10f5000c6
:10df54000b003200e10f500005003900e20f5000c1
:10df64000b003200e30f50000d0032000f003700a9
:10df7400ae0090001e00900047ff07000b00370022
:10df8400ae0090001e00900081ff070007003700dc
:10df9400ae0090001e009000aaff070003003700a7
:10dfa4001e00900053f10700000000000080fa00fa
:10dfb400000006000200fa00000f780010c0b30051
:10dfc40081f32f001e017800810f510001003500fc
:10dfd4000040eb000080fa00000006001200fa0086
:10dfe4006007980071079800020f98002042800093
:10dff400ee00900000805000cf80de00008fbe0055
:10e0040030428000fe00900000805000cf80de008f
:10e014002007980031079800404280008e08900045
:10e0240000805000cf80de00400798005107980020
:10e034009e0090001e0078000088b900000078005f
:10e044001e0190009e0078000191b90082007800c2
:10e05400010040009e0078001e09b8000300400043
:10e0640080017800be0090002e0090000088b90066
:10e0740000027800be0090002e0090000088b900d5
:10e084000000780000024200ae0090002e009000d4
:10e094000008b80001024200840078000202400037
:10e0a40083824800de0090004e0090000088b90092
:10e0b40000017800de0090004e0090000088b90056
:10e0c4000000780000014100ce0090004e00900056
:10e0d4000008b800010141008200780004014000fa
:10e0e40085814800309c200001002000800f5100f1
:10e0f400818f590002003c000040eb0034003700df
:10e104009e0090001e0078000088b900000078008e
:10e114001e0190009e0078000191b90082007800f1
:10e12400010040009e0078001e09b8000300400072
:10e1340080017800be0090002e0090000088b90095
:10e1440000027800be0090002e0090000088b90004
:10e154000000780000024200ae0090002e00900003
:10e164000008b80001024200840078000202400066
:10e1740083824800de0090004e0090000088b900c1
:10e1840000017800de0090004e0090000088b90085
:10e194000000780000014100ce0090004e00900085
:10e1a4000008b80001014100820078000402400028
:10e1b4008582480010c0b300f2c329000300200088
:10e1c400820f5200838f5a0001003c000040eb0094
:10e1d4000080fa00000006000000fa000000eb00d6
:10e1e400c004070010c0b300a8e8b7004a68ef00f5
:10e1f4004c28ef004e28ef000080fa0000000600d3
:10e204000a00fa0068014700e6004700640047007e
:10e21400e2040700a8c8bf000004e00009003200bf
:10e224002e009000204288003e009000304288007a
:10e234004e00900040428800a868ef000000eb0008
:10e24400370037004e0090005aff07000004e0003a
:10e25400080032002e009000204288003e0090000a
:10e26400304288004e009000404288001000200098
:10e274002b0037004e019000be0090002e0090004d
:10e2840056ff07000004e0001e0032003efb0700ba
:10e29400008fbe0060428000714280003e01100089
:10e2a400ae811800803e200001002000800f510044
:10e2b400818f5900010036004a68ef004ac8bf0048
:10e2c4000040e8004ae8b7001e01be006242880030
:10e2d400734288004ac8bf00e24f50000f00360066
:10e2e4004a68ef002e009000204288003e00900013
:10e2f400304288004e0090004042880020002000f8
:10e30400070037002e009000204288003e00900055
:10e31400304288004e009000404288000000eb002c
:10e324000080fa00000006000800fa0020079800a8
:10e334006147980020c0b3006d050700008fbe0040
:10e344002e009000904078006e40900080cf5000e6
:10e35400170032002e009000a000900010009000e2
:10e364003e011000ae811800800120000100200051
:10e37400800f5100818f5900110036002e0090004b
:10e38400ee409000014878002e0090001e01be006f
:10e3940012009800230098002e009000104078008e
:10e3a4000004e0000600320010c0b300050037008e
:10e3b4002e0090001e01be00120098002300980059
:10e3c4000040eb000080fa00000006000800fa009c
:10e3d400200798006147980020c0b3004405070057
:10e3e400008fbe002e009000904078006e40900098
:10e3f40080cf5000180032002e009000a000900042
:10e40400100090003e011000ae8118008001200031
:10e4140001002000800f5100818f59001200360046
:10e424002e009000ee409000014878002e009000ed
:10e434001e01be0012009800230098002e009000d8
:10e44400104078000004a2000004e000060032003e
:10e4540010c0b300050037002e0090001e01be005e
:10e4640012009800230098000040eb000080fa009e
:10e47400000006000400fa0022c0b300803e200021
:10e4840001002000f70407001033800000b0a00052
:10e49400103388001033800000c0a00010338800bf
:10e4a40020c0b30012050700008fbe002133800096
:10e4b400008020000080600000f0a7000000ea0057
:10e4c4000000e9004f00de008040780020be2000fc
:10e4d400014878001e01be00225f8800335f880077
:10e4e40021338000000021000080600000f0a700bc
:10e4f4000000ea000000e9004f00de0080407800e0
:10e5040080be2000014878001e01be00525f8800d2
:10e51400635f88000080fa00000006000000fa0033
:10e5240021338000008020000080600000f0a700fc
:10e534000000ea000000e9004f00de00004078001f
:10e544008040780020be200077ff07000080fa009a
:10e55400000006000000fa00213380000080200043
:10e564000080600000f0a7000000ea000000e9005d
:10e574004f00de00004078008040780020be20007c
:10e5840092ff07000080fa00000006000000fa0075
:10e5940021338000000021000080600000f0a7000b
:10e5a4000000ea000000e9004f00de0000407800af
:10e5b4008040780080be20005bff07000080fa00e6
:10e5c400000006000000fa00213380000000210052
:10e5d4000080600000f0a7000000ea000000e900ed
:10e5e4004f00de00004078008040780080be2000ac
:10e5f40076ff07000080fa00000006000000fa0021
:10e6040021338000008020000080600000f0a7001b
:10e614000000ea000000e9004f00de0080407800be
:10e6240020be20000148780020c0b300b0040700d9
:10e63400205f8800315f88002133800000002100c2
:10e644000080600000f0a7000000ea000000e9007c
:10e654004f00de008040780080be20000148780032
:10e6640020c0b300a2040700505f8800615f8800e7
:08e674000080fa00000006001e
:020000040000fa
:10e67c00980800000200000080000000ee0b000073
:10e68c000a000000800000009a0800000200000050
:10e69c0080000000d00b0000120000008000000081
:10e6ac00280800000e000000800000009c080000fc
:10e6bc000200000082000000ff030000740800004c
:10e6cc000400000080000000b00800000002000000
:10e6dc00800000009e080000020000008000000086
:10e6ec00e20b00000c00000080000000920b000008
:10e6fc002000000080000000a008000002000000c4
:10e70c0082000000ffff00007808000004000000f9
:10e71c00800000005c080000080000008000000081
:10e72c007c08000004000000800000006408000069
:10e73c000800000082000000ffffff00ffffff0049
:10e74c00ffff00006a0b00002800000080000000a2
:10e75c00f80b00000600000080000000800800009c
:10e76c000400000080000000040c00000400000005
:10e77c0082000000ffffff00000000008408000082
:10e78c000400000080000000360800000e000000ad
:10e79c0082000000ffffff0000ff7f00ff7fff00f3
:10e7ac007fffff00ff000000080c000002000000cb
:10e7bc0080000000880800000400000082000000b7
:10e7cc00ffffff0000000000a20800000200000094
:10e7dc0080000000fe0a00003e00000080000000e7
:10e7ec006c0800000800000080000000a408000075
:10e7fc0002000000820000000a9f0000fe0b0000d7
:10e80c0006000000800000008c08000004000000de
:10e81c0080000000a608000002000000800000003c
:10e82c00440800000c00000080000000a808000054
:10e83c000200000082000000010000001608000029
:10e84c00120000008000000090080000040000008e
:10e85c0080000000aa0800000200000082000000f6
:10e86c00010000009408000004000000800000007b
:10e87c00b00a00004e00000082000000f496740004
:10e88c00983497007497b40097f497003498070065
:10e89c00000000000000c60068ce680000085300ad
:10e8ac00080808000400000000000000dc68e80014
:10e8bc006801080054080a0008020000000000006b
:10e8cc0000f6680002690200085508000c080200f6
:10e8dc000000000000001000691a690003085600cf
:10e8ec00080e08003c0b00002e0000008000000009
:10e8fc00500800000c000000800000000008000020
:10e90c001600000082000000ffffff00ffffff0069
:10e91c00ffffff00ffffff00ffffff00ffffff00f7
:10e92c00ffffff0000000000ac0800000200000028
:10e93c0080000000ae080000020000008000000013
:10e94c00b20b00001e00000082000000286e69005f
:10e95c006c29000025006800076c09004c836a00d4
:10e96c009074a0007ac000008068880000846c005d
:10e97c00820081000a0c00000200000080000000f0
:04e98c000000000087
:020000040000fa
:10e990000000fa000080fa00000006000200fa0001
:10e9a000ea030700000f78001e007800604890001e
:10e9b0000004a2000004e00025003a001e007800d8
:10e9c000704890000004e00023003a001e00780028
:10e9d000904078001e0078004048900080cf5000a2
:10e9e0001e003a001e007800904090001e00780043
:10e9f0005048900080cf500018003a001e00780068
:10ea0000204090000004e00014003a001e0078004e
:10ea100011c0b300714898001e0078008040eb00e0
:10ea2000015098001e007800c00090001e00780081
:10ea3000311098001e00780041002000410098002d
:10ea40001e00780011c0b300116098000300370069
:10ea50000000000001003700000000000080fa0004
:10ea6000000006000400fa00204798003147980093
:10ea7000b6030700000f78002e409000f74f5000bb
:10ea80000d003e00be409000b0c3b30080cf5000e8
:10ea900009003e001e007800ae40900041489800fa
:10eaa0001e007800be409000514898001e0078007b
:10eab00011c0b300016098000080fa000000060059
:10eac0000200fa00a1030700000f78001e00780082
:10ead00011c0b300614898001e00780011c0b30057
:10eae000016098000080fa00000006000200fa00b1
:10eaf00096030700000f78001e0078008040eb00ae
:10eb0000614898001e0078008040eb007148980032
:10eb10001e00780011c0b300016098000080fa0068
:10eb2000000006000200fa0088030700000f7800ca
:10eb30001e007800604890000004e00002003200ef
:10eb4000eaff070001003700ddff07000080fa0040
:10eb5000000006000200fa007c030700000f7800a6
:10eb60001e0078008040eb00714898001e0078007d
:10eb70008040eb00015098001e0078008040eb00c0
:10eb8000614898001e007800b01090001e007800c8
:10eb9000410098000041eb008000eb00600a20007b
:10eba000d3f40700600e22009cf507001e007800d9
:10ebb00011c0b300116098000080fa000000060048
:10ebc0000200fa0061030700000f78001e007800c1
:10ebd000704890000080fa00000006000200fa0071
:10ebe0005a030700000f78001e007800704890005c
:10ebf0000004e0000a0032001e007800005090007f
:10ec00008040e8001e007800015098001e00780047
:10ec100000509000f34f500001003600cdff070078
:10ec20000080fa00000006000a00fa0080c0b3006d
:10ec3000004f78000000eb00100798000000eb0088
:10ec400020079800000120003007980020c0b30082
:10ec5000004f98000e007800d1f607000000e00099
:10ec600005003a0010c0b300aae8b7009068ef00b2
:10ec70009228ef0001003700000000000080fa0039
:10ec8000000006000200fa000e00780046f70700b8
:10ec90001e0078000080fa00000006001000fa0054
:10eca000889fbe00404f9800514f9800624f9800d7
:10ecb000f4ff070010079800de4890004e489000cf
:10ecc00080cf500008003e004e499000018920008e
:10ecd000824878009e00900091448800aa68ef0066
:10ece0004e489000380037005e4890008080fb005e
:10ecf0004e4890000080fb0000805000cf80de0076
:10ed000020079800310798004e4890000084fb00cf
:10ed10008004eb001e0090008000eb002e019000ac
:10ed20000191b90002017800be019000009ab9007b
:10ed30008401780003014100ae0190000018b80082
:10ed40000101410082007800f23f20000300200012
:10ed50003ec707000800400089804800400798002f
:10ed600051079800aac8bf000004a2000004e000f8
:10ed70000d0032009e00900090448000008f5000f3
:10ed80001e0078000000e00001003d001e0fea00b8
:10ed90006e4890000080fb009e0f5000020034007f
:10eda00090c8bf0008003700aa68ef001e0190005d
:10edb000924488004e0090000040780090e8b70030
:10edc0004e009000004078004f04be000080fa0022
:10edd000000006000a00fa00004f98000e4890005c
:10ede0000004e00002003a000040eb003000370071
:10edf000a4ff0700200798000e4890000080fb0049
:10ee00000140200000017800110009008200d800b4
:10ee100030079800ae0090003e009000000178009e
:10ee2000110009008280d800004f78000e48900041
:10ee30009e40780080cf5000020039000e489000bc
:10ee4000004fe900aac8bf000004a2000004e000cf
:10ee500010003200ae00900090448000008050000e
:10ee6000100798001e0090000000e00003003d0025
:10ee70001e0090000000ea00100798009e0090001d
:10ee800070022000808f500002003c0090c8bf003c
:10ee900007003700aa68ef00ae0090009144880098
:10eea0009e40780002892000014978001e407800c9
:10eeb0000080fa00000006000c00fa00604798008d
:10eec00071479800024f9800134f9800244f980004
:10eed0002e4890000004e00002003200f05f2b009a
:10eee00001003700600e2200000f78000e489000ed
:10eef000e94f50000100310090c0b3002047980056
:10ef00001e489000e94f50000100310090c0b3004e
:10ef1000304798002e4090000080fb000000d10098
:10ef2000804078006e40900000c04000404798004c
:10ef30003e4090000080fb000000d100804078003f
:10ef40007e40900000c0400050479800fe40900076
:10ef50003e40900080c040006e4190002e409000e6
:10ef600000404100640e2200814178000041780099
:10ef7000fe4090006e40900044dc07002e48900058
:10ef80000004a2000004e0001b003a009e0178008b
:10ef900062c0b300de4090004e409000abda070044
:10efa0005e4090008040e9005e4090006540500067
:10efb000650e220014c0b300814178004e419000dc
:10efc000804078004e409000a7db07004e40900044
:10efd000e54040004e4090000040e800650e2200f1
:10efe00014c0b300de41900001417800de40900083
:10eff0009ddb070001003700000000000080fa00e0
:10f00000000006001000fa00604798007147980061
:10f010004207980053079800640798007507980006
:10f020004e009000904078005e0090001040780004
:10f0300080cf500006003a004e00900090409000b3
:10f040005e0090001040900080cf50002f003200f2
:10f050005e009000104090008080fb005e009000f9
:10f06000104078000080fb00811f7800801f78002e
:10f0700080f42900801f78000e00780067c8070020
:10f08000e68757000e007800fe029000000278002c
:10f0900013c0b30012c0b300fe4090006e40900059
:10f0a00080dc07004e009000104090008080fb0044
:10f0b0004e009000104078000080fb00811f780017
:10f0c000801f780080f42900801f78000e007800ef
:10f0d00052c80700e68757000e007800ee02900045
:10f0e0000002780013c0b30012c0b300fe409000cd
:10f0f0006e4090006bdc07005e009000ce00900038
:10f100001148780011419000124098000080fa00e8
:10f11000000006000000fa00f5e3a9000080fa00f4
:10f12000000006000000fa00a11f80000000280077
:10f13000008060000000e00007003a00001220009c
:10f14000a01f88000424ef0077e6a900f5e3a800db
:10f1500010c0b300010037000040eb000080fa004f
:10f16000000006000200fa00004f78001e80fb003d
:10f170000020880000000000e01f800061006000a7
:10f180000000e000fcff320000208000004078001a
:10f190000080fa00000006000600fa001007980040
:10f1a000210798009e009000010f780006003700ac
:10f1b0001e00780010407800eaff07009e007800eb
:10f1c000804878001e0fe8002e00900000f0a70095
:10f1d0000000ea000000ea004f00de000040780076
:10f1e000ae0090008100e900210798000004e000d3
:10f1f000efff3a000080fa00000006000600fa0067
:10f2000010079800210798009e009000010f7800d9
:10f21000040037001e007800104078001e0fe80040
:10f22000d0ff07002e00900000f0a7000000ea00c9
:10f230000000ea004f00de0000407800ae009000c1
:10f240008100e900210798000004e000f1ff3a0086
:10f250000080fa00000006000600fa00100798007f
:10f26000210798009e009000010f780005003700ec
:10f270000040eb00bbff07009e007800804878004c
:10f280001e0fe8002e00900000f0a7000000ea002a
:10f290000000ea004f00de0000407800ae00900061
:10f2a0008100e900210798000004e000f0ff3a0027
:10f2b0000080fa00000006000200fa00004f78000b
:10f2c0001e80fb00002088000080fa00000006007d
:10f2d0000000fa0000208000004078000080fa0062
:10f2e000000006000000fa007104800000402000c9
:10f2f000008060000000e00006003200f044800062
:10f300000000e00002003200f04480000000010034
:10f310008f40a9000080fa00000006000200fa00f9
:10f32000000f78009e007800f14488000080fa0009
:10f33000000006000200fa00000f78001e007800ae
:10f3400050009000e10f50001b003200e10f500010
:10f3500005003900e20f500019003200e30f5000a1
:10f36000190032001a0037001e007800400090009b
:10f37000e10f500009003200e10f50000500390094
:10f38000e20f500007003200e40f50000700320087
:10f3900008003700f2f00700060037009fee070074
:10f3a0000400370074e9070002003700dc000700a2
:10f3b000000000000600370091d707000400370066
:10f3c00085df07000200370005eb070000000000a2
:10f3d0000080fa00000006000200fa00000f78002a
:10f3e0001e00780050009000e10f50001b0032001a
:10f3f000e10f500005003900e20f50001900320003
:10f40000e30f5000190032001a0037001e00780088
:10f4100040009000e10f500009003200e10f500061
:10f4200005003900e20f500007003200e40f5000e1
:10f43000070032000800370042f1070006003700dd
:10f4400049ee07000400370050e9070002003700ca
:10f45000c00007000000000006003700aad7070020
:10f4600004003700bcdf07000200370069eb07002b
:10f47000000000000080fa00000006000200fa0010
:10f4800032010700000f78001e0078001060900025
:10f490000004e000090032001e0078008040eb000c
:10f4a000116098001e0078008040eb000160980019
:10f4b0001e0078009fff0700090037001e0078003b
:10f4c000006090000004e000050032001e0078009b
:10f4d0008040eb00016098001e007800beff07002e
:10f4e0000080fa00000006000a00fa0040079800b9
:10f4f0004e0090000000e000030032004e0090003b
:10f500001040780001003700d0c1b30098e8b70080
:10f51000006a280011002000008fbe004006200075
:10f52000200798000e00780047f307000040eb002a
:10f530006047980098c8bf00e600470001017800c6
:10f540008040eb006df407000000e0000200320094
:10f5500010002000100037006e409000fb4f40006c
:10f5600002003200200020000b0037005000200075
:10f57000a301070098c8bf0082c0b300d1c2b30086
:10f5800025f407000000e000020032001000200017
:10f59000010037000000eb000080fa0000000600c8
:10f5a0000c00fa00300798004107980052079800b5
:10f5b00098c8bf0063c0b3000e01780021c3b30038
:10f5c0002ef407000000e0000200320010002000ce
:10f5d000220037003e0090000000e00008003200ea
:10f5e0001e4090000080fb00c800dd001e40780037
:10f5f0000080fb00810070003e0090000108780050
:10f600004e0090000000e000080032003e409000f4
:10f610000080fb00c800dd002e4090000080fb0051
:10f62000810070004e009000010878005e0090009c
:10f630000000e000080032005e4090000080fb0007
:10f64000c800dd004e4090000080fb00810070008b
:10f650005e009000010878000000eb000080fa00d6
:10f66000000006000000fa00f45f2b0023c0b30086
:10f67000c2c1b300f1c2b300f0c2b3007cd907002d
:10f6800044452f0013c0b30092c1b300f1c2b300d0
:10f69000f0c2b30076d90700f55f2b0034c0b30089
:10f6a000b3c2b300d2c3b300f1c2b300f0c2b3001f
:10f6b000edd90700f55f2b0034c0b30013c2b300cf
:10f6c000b2c2b300f1c2b300f0c2b300e6d9070082
:10f6d00043452f0032c0b300f1c2b300f0c2b30003
:10f6e000dad807000080fa00000006000000fa00e7
:10f6f00040452f00c9f207000041eb008000eb00fd
:10f70000600a2000faf10700d6ff0700a668ef00a4
:10f7100010c0b300a7e8b7000080fa0000000600a0
:10f720000000fa0040452f00bcf207000041eb004a
:10f730008000eb00600a2000edf10700c9ff070020
:10f74000a668ef0010c0b300a7e8b7000080fa0079
:10f75000000006000400fa007c000700000f78009b
:10f76000a7c8bf000004a2000004e00002003200ad
:10f77000ebff0700170037001e00780020409000c4
:10f78000614060000080fb000000e9004f00de00e7
:10f7900020479800a6c8bf00ae40900080cf500020
:10f7a0000c0032002e4090000004e0000200320005
:10f7b000700a200001003700600a20000041eb00c1
:10f7c0008000eb00caf107002e419000618a200002
:10f7d000824878000080fa00000006000600fa0067
:10f7e000008fbe00424798009421ef00a10c8000da
:10f7f0000003200001007000a00c88001e01be0064
:10f800004818dd00c810de00810070004810dd00df
:10f810000001be0000902000d10320008bc407002f
:10f82000000078000000e900900c88004e40900035
:10f83000674060000080fb00670060004c00dd0056
:10f8400042058000f1ff2800810061000100700086
:10f85000400588008860a9009860a80095e1a8008c
:10f860000080fa00000006000600fa00008fbe00cb
:10f8700042479800a021ef00010d80000003200006
:10f8800001007000000d88001e01be004818dd0058
:10f89000c810de00810070004810dd000001be00cd
:10f8a00000902000d103200068c407000000780009
:10f8b0000000e900e00c88004e40900067406000c6
:10f8c0000080fb00670060004c00dd0052058000f6
:10f8d000f1ff2800810061000100700050058800e0
:10f8e00088e0a90098e0a800a1e1a8000080fa0043
:10f8f000000006000600fa00404798006000b800cb
:10f90000008fbe00ff3ffc004e409000e14f5000d2
:10f9100004003a00e2428000f3428000028fbe0001
:10f92000060037004e409000e24f500003003a00be
:10f930000243800013438000028fbe000000fc00e1
:10f940001e00be000080fa00000006000000fa0061
:10f95000a0b620000080fa00000006000000fa00b7
:10f96000820220008000eb00a0b6200038c607000d
:10f97000a0b62000c1c0b30001487800b0b6200096
:10f980008040eb0001487800c0b620008040eb00ca
:10f9900001487800d0b6200011c0b30001487800bb
:10f9a000e0b6200011c0b30001487800100020002c
:10f9b000805b88000000eb00905b88000000eb009b
:10f9c000a05b880080b720008040eb0001487800f1
:10f9d00090b720008040eb00014878000000eb0069
:10f9e000005c880060b8200091c1b3000148780035
:10f9f00070b8200051c0b3000148780080b82000e2
:10fa0000f1c0b3000148780090b8200041c0b300b5
:10fa10000148780060b82000104078008080fb002a
:10fa2000c00320000088b90000007800105c880046
:10fa300040b820008040eb000148780050b820001a
:10fa40008040eb0001487800a0b820008040eb0027
:10fa500001487800b0b8200011c0b3000148780018
:10fa60000080fa00000006000000fa006626ef00a1
:10fa70007a26ef008e26ef000080eb00103388001e
:10fa80000080eb00b03388000080eb005034880029
:10fa90007426ef008826ef009c26ef007226ef0008
:10faa0008626ef009a26ef006826ef007c26ef00fe
:10fab0009026ef007d06a8007d26a80001088000a2
:10fac000f00b200000816000600420007105200020
:10fad000031020008049780081497800824978002d
:10fae000113f800000f82f00008060007000b3001c
:10faf000103f8800113f8000f00f28000080600058
:10fb000000b0a000103f8800c13d800000fc2f0025
:10fb100000806000d000b300c03d88000008800075
:10fb2000000178000260a000600420007105200040
:10fb300003102000804978008149780082497800cc
:10fb40000080fa00000006000600fa00e500070049
:10fb500074f1070025f407004cf6070032fc07009b
:10fb60009ef90700103380000080a1001033880048
:10fb7000303380000080a1003033880010338000d3
:10fb80000090a10010338800303380000090a10065
:10fb900030338800303380000080a100303388008b
:10fba000303380000090a100303388006bff0700e5
:10fbb000d8ee0700cdfe07007de3070025dd070036
:10fbc000c0c0b300004f78000040eb001047980021
:10fbd0000040eb002047980010c0b3003047980069
:10fbe00010c0b300404798000e0078001bf40700d7
:10fbf000630047003cf407000080fa0000000600a4
:10fc00000200fa00000f78000300370000fa20001d
:10fc1000010020009d0007001e00780000f0a700f2
:10fc20000000ea000000ea004f00de00004078001b
:10fc30001e0fe9000004e000f4ff3a000080fa0023
:10fc4000000006000200fa00000f780005003700ef
:10fc500000082000010020008c00070001fe2f009a
:10fc60001e8f40001e007800ff0f5000f8ff3e007e
:10fc7000030037004000200001002000830007003f
:10fc80001e00780000f0a7000000ea000000ea0073
:10fc90004f00de00004078001e0fe9000004e00085
:10fca000f4ff3a000080fa00000006000000fa00ad
:10fcb00000002300100888000621ef006821ef00f3
:10fcc0006a21ef000821ef00007020005008880032
:10fcd0000c21ef000e21ef007821ef007a21ef00d8
:10fce0007c21ef007e21ef008021ef008221ef00d8
:10fcf0008421ef008621ef000001eb008007200047
:10fd0000a109200013102000804978008149780063
:10fd1000824978000001eb0060042000710520009a
:10fd200003102000804978008149780082497800da
:10fd30000080fa00000006000800fa003007980072
:10fd400002ff0700000f780010c0b300e9fe0700b3
:10fd500010079800210798003e0090001001be0097
:10fd60001e009000ae009000800f5100818f59005e
:10fd7000100032003e0090001e019000ae01900085
:10fd80000288be001e00780001f4070003fb070094
:10fd900092fb07001e00780050009000e20f500018
:10fda00001003a00dddc07001e00780011c0b3003e
:10fdb000016098000080fa00000006000000fa00d0
:10fdc00083e0a80000000000000000000080fa00ae
:10fdd000000006000000fa00f8ff0700810580001f
:10fde000f0f82f00008060000040a000800588002f
:10fdf0008105800080ff2f00008060000000a000cf
:10fe0000800588000080fa00000006000800fa0063
:10fe10004dff07006000b8002007980031079800e8
:10fe200064004700c4ff07009cf50700000f78003e
:10fe3000f4f80700100798009e0090001e0078005c
:10fe400029f807008dfd0700a00020006cff0700c7
:10fe5000f3ff37000200fa00000f78009e007800e0
:10fe6000014588000000fe000080fa000000060046
:10fe70000000fa0020b9200080077800a0ba200016
:0cfe8000000188000080fa00000006006d
:020000040000fa
:10fe8c00f03fb1000180b10006003500ee0309001f
:10fe9c0000000000403fb1000180b100fbff3d00bd
:10feac001000b000203fb0000200350000800900b7
:08febc00000000000000060038
:020000040000fa
:10fec400809fbe00ec80570031007800c04388005a
:10fed400110078007ae8b7004f00be000000060069
:10fee4000000fa00dffe0700b9ff07006eff0700fd
:10fef4000080fa00000006000000fa00c2ff0700bc
:08ff04000080fa000000060075
:020000040000fa
:020000040005f5
:045e0000ffffff00a1
:020000040000fa
:020000040005f5
:045e2000ffffff0081
:020000040000fa
:020000040005f5
:045e300078ffff00f8
:020000040000fa
:020000040005f5
:045e38004bffff001d
:020000040000fa
:020000040005f5
:045e40009fffff00c1
:020000040000fa
:020000040005f5
:045e4800ffffff0059
:020000040000fa
:020000040005f5
:045e5000deffff0072
:020000040000fa
:020000040005f5
:045e5800efffff0059
:00000001FF
